Unity Editor version:    6000.3.19f1 (7689f4515d75)
Branch:                  6000.3/staging
Build type:              Release
Batch mode:              YES
macOS version:           Version 15.7.9 (Build 24G830)
Darwin version:          24.6.0
Architecture:            x86_64
Running under Rosetta:   NO
Available memory:        16384 MB
Date:                    2026-09-08T07:46:29Z
[Licensing::Module] Trying to connect to existing licensing client channel...
[Licensing::IpcConnector] Channel LicenseClient-xinyu doesn't exist
Launching external process: /Applications/Unity/Hub/Editor/6000.3.19f1/Unity.app/Contents/Helpers/UnityLicensingClient.app/Contents/MacOS/Unity.Licensing.Client
[Licensing::Module] Successfully launched the LicensingClient (PId: 34633)
Launching external process: /Applications/Unity/Hub/Editor/6000.3.19f1/Unity.app/Contents/Resources/PackageManager/Server/UnityPackageManager

COMMAND LINE ARGUMENTS:
/Applications/Unity/Hub/Editor/6000.3.19f1/Unity.app/Contents/MacOS/Unity
-batchmode
-nographics
-projectPath
/Users/xinyu/VRLearn
-runTests
-testPlatform
PlayMode
-assemblyNames
VRLearn.PlayModeTests
-testResults
/Users/xinyu/VRLearn/Docs/Audit-20260908/playmode-results.xml
-logFile
/Users/xinyu/VRLearn/Docs/Audit-20260908/playmode.log
Successfully changed project path to: /Users/xinyu/VRLearn
/Users/xinyu/VRLearn
[UnityMemory] Configuration Parameters - Can be set up in boot.config
    "memorysetup-allocator-temp-initial-block-size-main=262144"
    "memorysetup-allocator-temp-initial-block-size-worker=262144"
    "memorysetup-temp-allocator-size-background-worker=32768"
    "memorysetup-temp-allocator-size-job-worker=262144"
    "memorysetup-temp-allocator-size-preload-manager=33554432"
    "memorysetup-temp-allocator-size-nav-mesh-worker=65536"
    "memorysetup-temp-allocator-size-audio-worker=65536"
    "memorysetup-temp-allocator-size-cloud-worker=32768"
    "memorysetup-temp-allocator-size-gi-baking-worker=262144"
    "memorysetup-temp-allocator-size-gi-baking-worker=262144"
    "memorysetup-temp-allocator-size-gi-baking-worker=262144"
    "memorysetup-temp-allocator-size-gi-baking-worker=262144"
    "memorysetup-temp-allocator-size-gi-baking-worker=262144"
    "memorysetup-bucket-allocator-granularity=16"
    "memorysetup-bucket-allocator-bucket-count=8"
    "memorysetup-bucket-allocator-block-size=33554432"
    "memorysetup-bucket-allocator-block-count=8"
    "memorysetup-main-allocator-block-size=16777216"
    "memorysetup-thread-allocator-block-size=16777216"
    "memorysetup-gfx-main-allocator-block-size=16777216"
    "memorysetup-gfx-thread-allocator-block-size=16777216"
    "memorysetup-cache-allocator-block-size=4194304"
    "memorysetup-typetree-allocator-block-size=2097152"
    "memorysetup-profiler-bucket-allocator-granularity=16"
    "memorysetup-profiler-bucket-allocator-bucket-count=8"
    "memorysetup-profiler-bucket-allocator-block-size=33554432"
    "memorysetup-profiler-bucket-allocator-block-count=8"
    "memorysetup-profiler-allocator-block-size=16777216"
    "memorysetup-profiler-editor-allocator-block-size=1048576"
    "memorysetup-temp-allocator-size-main=16777216"
    "memorysetup-job-temp-allocator-block-size=2097152"
    "memorysetup-job-temp-allocator-block-size-background=1048576"
    "memorysetup-job-temp-allocator-reduction-small-platforms=262144"
    "memorysetup-temp-allocator-size-gfx=262144"
Player connection [140704291025280]  Target information:

Player connection [140704291025280]  * "[IP] 192.168.11.2 [Port] 55504 [Flags] 2 [Guid] 3244219362 [EditorId] 3244219362 [Version] 1048832 [Id] OSXEditor(0,yunchuandeMacBook-Pro.local) [Debug] 1 [PackageName] OSXEditor [ProjectName] Editor" 

Player connection [140704291025280]  * "[IP] 192.168.11.3 [Port] 55504 [Flags] 2 [Guid] 3244219362 [EditorId] 3244219362 [Version] 1048832 [Id] OSXEditor(0,yunchuandeMacBook-Pro.local) [Debug] 1 [PackageName] OSXEditor [ProjectName] Editor" 

Player connection [140704291025280] Host joined multi-casting on [225.0.0.222:54997]...
Player connection [140704291025280] Host joined alternative multi-casting on [225.0.0.222:34997]...
Input System module state changed to: Initialized.
[Physics::Module] Initialized fallback backend.
[Physics::Module] Id: 0xdecafbad
[Package Manager] Connected to IPC stream "Upm-34629" after 0.3 seconds.
[Licensing::Module] Licensing is not yet initialized.
[Licensing::IpcConnector] Successfully connected to: "LicenseClient-xinyu" at "2026-09-08T07:46:30.755986Z"
[Licensing::Client] Handshaking with LicensingClient:
  Version:                 1.18.1+9fbee8e
  Session Id:              d5b90468bd0e464f92f655176a4059d0
  Correlation Id:          fa7efcac5faa6f31e1f21ad83f000f0d
  External correlation Id: 856560640417371970
  Machine Id:              a+MzxG+BhGf4eZu6JvXaKddTqTg=
[Licensing::Module] Successfully connected to LicensingClient on channel: "LicenseClient-xinyu" (connect: 1.29s, validation: 0.07s, handshake: 0.83s)
[Licensing::IpcConnector] Successfully connected to: "LicenseClient-xinyu-notifications" at "2026-09-08T07:46:31.66103Z"
[Licensing::Module] Connected to LicensingClient (PId: 34633, launch time: 0.00, total connection time: 2.20s)
[Licensing::Module] Error: Access token is unavailable; failed to update
[Licensing::Client] Successfully resolved entitlement details
[Licensing::Module] License group:
  Id: 15669654397906-UnityPersXXXX
  Product: Unity Personal
  Type: Assigned
  Expiration: Unlimited
[Licensing::Client] Successfully updated license, isAsync: True, time: 0.01
[Licensing::Module] Licensing Background thread has ended after 2.24s
[Licensing::Module] Licensing is initialized (took 1.64s).
[Licensing::Client] Successfully resolved entitlement details
Library Redirect Path: Library/
[Physics::Module] Selected backend.
[Physics::Module] Name: PhysX
[Physics::Module] Id: 0xf2b8ea05
[Physics::Module] SDK Version: 4.1.2
[Physics::Module] Integration Version: 1.0.0
[Physics::Module] Threading Mode: Multi-Threaded
[Licensing::Client] Successfully resolved entitlement details
Refreshing native plugins compatible for Editor in 0.31 ms, found 0 plugins.
Preloading 0 native plugins for Editor in 0.00 ms.
Initialize engine version: 6000.3.19f1 (7689f4515d75)
[Subsystems] Discovering subsystems at path /Applications/Unity/Hub/Editor/6000.3.19f1/Unity.app/Contents/Resources/UnitySubsystems
[Subsystems] Discovering subsystems at path /Users/xinyu/VRLearn/Assets
Forcing GfxDevice: Null
GfxDevice: creating device client; kGfxThreadingModeNonThreaded
NullGfxDevice:
    Version:  NULL 1.0 [1.0]
    Renderer: Null Device
    Vendor:   Unity Technologies
Initialize mono
Mono path[0] = '/Applications/Unity/Hub/Editor/6000.3.19f1/Unity.app/Contents/Resources/Scripting/Managed'
Mono path[1] = '/Applications/Unity/Hub/Editor/6000.3.19f1/Unity.app/Contents/Resources/Scripting/MonoBleedingEdge/lib/mono/unityjit-macos'
Mono config path = '/Applications/Unity/Hub/Editor/6000.3.19f1/Unity.app/Contents/Resources/Scripting/MonoBleedingEdge/etc'
Using monoOptions --debugger-agent=transport=dt_socket,embedding=1,server=y,suspend=n,address=127.0.0.1:56629
Using cacheserver namespaces - metadata:defaultmetadata, artifacts:defaultartifacts
Using cacheserver namespaces - metadata:defaultmetadata, artifacts:defaultartifacts
ImportWorker Server TCP listen port: 0
AcceleratorClientConnectionCallback - disconnected - :0
Begin MonoManager ReloadAssembly
Registering precompiled unity dll's ...
Register platform support module: /Applications/Unity/Hub/Editor/6000.3.19f1/Unity.app/Contents/PlaybackEngines/MacStandaloneSupport/UnityEditor.OSXStandalone.Extensions.dll
Register platform support module: /Applications/Unity/Hub/Editor/6000.3.19f1/PlaybackEngines/AndroidPlayer/UnityEditor.Android.Extensions.dll
Registered in 0.003604 seconds.
- Loaded All Assemblies, in  0.898 seconds
Native extension for Android target not found
Native extension for OSXStandalone target not found
Package Manager log level set to [2]
ScheduleIndexationOnStartup MainProcess:False IndexOnStartup:True
Mono: successfully reloaded assembly
- Finished resetting the current domain, in  0.862 seconds
Domain Reload Profiling: 1760ms
	BeginReloadAssembly (305ms)
		ExecutionOrderSort (0ms)
		DisableScriptedObjects (0ms)
		BackupInstance (0ms)
		ReleaseScriptingObjects (0ms)
		CreateAndSetChildDomain (2ms)
	RebuildCommonClasses (83ms)
	RebuildNativeTypeToScriptingClass (27ms)
	initialDomainReloadingComplete (89ms)
	LoadAllAssembliesAndSetupDomain (393ms)
		LoadAssemblies (306ms)
		RebuildTransferFunctionScriptingTraits (0ms)
		AnalyzeDomain (385ms)
			TypeCache.Refresh (381ms)
				TypeCache.ScanAssembly (355ms)
			BuildScriptInfoCaches (0ms)
			ResolveRequiredComponents (1ms)
	FinalizeReload (863ms)
		ReleaseScriptCaches (0ms)
		RebuildScriptCaches (0ms)
		SetupLoadedEditorAssemblies (780ms)
			LogAssemblyErrors (0ms)
			InitializePlatformSupportModulesInManaged (118ms)
			SetLoadedEditorAssemblies (9ms)
			BeforeProcessingInitializeOnLoad (190ms)
			ProcessInitializeOnLoadAttributes (299ms)
			ProcessInitializeOnLoadMethodAttributes (165ms)
			AfterProcessingInitializeOnLoad (0ms)
			EditorAssembliesLoaded (0ms)
		ExecutionOrderSort2 (0ms)
		AwakeInstancesAfterBackupRestoration (0ms)
[Licensing::Client] Successfully resolved entitlement details
[Licensing::Client] Successfully resolved entitlement details
Application.AssetDatabase Initial Refresh Start
[Package Manager] Restoring resolved packages state from cache
[Licensing::Client] Successfully resolved entitlement details
[Package Manager] Registered 64 packages:
  Packages from [https://packages.unity.com]:
    com.meta.xr.sdk.core@203.0.0 (location: /Users/xinyu/VRLearn/Library/PackageCache/com.meta.xr.sdk.core@f4a2a776f923)
    com.unity.ai.navigation@2.0.13 (location: /Users/xinyu/VRLearn/Library/PackageCache/com.unity.ai.navigation@42d896194035)
    com.unity.collab-proxy@2.12.4 (location: /Users/xinyu/VRLearn/Library/PackageCache/com.unity.collab-proxy@0b1559bcd34e)
    com.unity.ide.rider@3.0.40 (location: /Users/xinyu/VRLearn/Library/PackageCache/com.unity.ide.rider@e4950c6d131b)
    com.unity.ide.visualstudio@2.0.26 (location: /Users/xinyu/VRLearn/Library/PackageCache/com.unity.ide.visualstudio@a99d56dec63f)
    com.unity.inputsystem@1.19.0 (location: /Users/xinyu/VRLearn/Library/PackageCache/com.unity.inputsystem@21a28c3a6c83)
    com.unity.timeline@1.8.12 (location: /Users/xinyu/VRLearn/Library/PackageCache/com.unity.timeline@8cd8509afae5)
    com.unity.visualscripting@1.9.11 (location: /Users/xinyu/VRLearn/Library/PackageCache/com.unity.visualscripting@8bed5ad90189)
    com.unity.xr.interaction.toolkit@2.6.3 (location: /Users/xinyu/VRLearn/Library/PackageCache/com.unity.xr.interaction.toolkit@617795318a89)
    com.unity.xr.openxr@1.17.1 (location: /Users/xinyu/VRLearn/Library/PackageCache/com.unity.xr.openxr@58837b2992e0)
    com.unity.xr.core-utils@2.6.0 (location: /Users/xinyu/VRLearn/Library/PackageCache/com.unity.xr.core-utils@a8b900321199)
    com.unity.xr.management@4.5.4 (location: /Users/xinyu/VRLearn/Library/PackageCache/com.unity.xr.management@e3a3882b360a)
    com.unity.xr.legacyinputhelpers@2.1.13 (location: /Users/xinyu/VRLearn/Library/PackageCache/com.unity.xr.legacyinputhelpers@9535ff2c27ac)
    com.unity.mathematics@1.3.3 (location: /Users/xinyu/VRLearn/Library/PackageCache/com.unity.mathematics@19a9377c4ffa)
    com.unity.xr.hands@1.7.3 (location: /Users/xinyu/VRLearn/Library/PackageCache/com.unity.xr.hands@3e241be20642)
    com.unity.searcher@4.9.4 (location: /Users/xinyu/VRLearn/Library/PackageCache/com.unity.searcher@d45a78918735)
    com.unity.burst@1.8.29 (location: /Users/xinyu/VRLearn/Library/PackageCache/com.unity.burst@6bb9aca3ef38)
    com.unity.collections@2.6.6 (location: /Users/xinyu/VRLearn/Library/PackageCache/com.unity.collections@9796e5ee0d9e)
    com.unity.nuget.mono-cecil@1.11.6 (location: /Users/xinyu/VRLearn/Library/PackageCache/com.unity.nuget.mono-cecil@ecb9724e46ff)
    com.unity.test-framework.performance@3.5.0 (location: /Users/xinyu/VRLearn/Library/PackageCache/com.unity.test-framework.performance@8b56083ec0f0)
  Built-in packages:
    com.unity.multiplayer.center@1.0.1 (location: /Users/xinyu/VRLearn/Library/PackageCache/com.unity.multiplayer.center@f01f4ba8d00a)
    com.unity.render-pipelines.universal@17.3.0 (location: /Users/xinyu/VRLearn/Library/PackageCache/com.unity.render-pipelines.universal@8a9b4021522a)
    com.unity.test-framework@1.6.0 (location: /Users/xinyu/VRLearn/Library/PackageCache/com.unity.test-framework@bd7f943e9647)
    com.unity.ugui@2.0.0 (location: /Users/xinyu/VRLearn/Library/PackageCache/com.unity.ugui@b95364aab964)
    com.unity.modules.accessibility@1.0.0 (location: /Users/xinyu/VRLearn/Library/PackageCache/com.unity.modules.accessibility)
    com.unity.modules.adaptiveperformance@1.0.0 (location: /Users/xinyu/VRLearn/Library/PackageCache/com.unity.modules.adaptiveperformance)
    com.unity.modules.ai@1.0.0 (location: /Users/xinyu/VRLearn/Library/PackageCache/com.unity.modules.ai)
    com.unity.modules.androidjni@1.0.0 (location: /Users/xinyu/VRLearn/Library/PackageCache/com.unity.modules.androidjni)
    com.unity.modules.animation@1.0.0 (location: /Users/xinyu/VRLearn/Library/PackageCache/com.unity.modules.animation)
    com.unity.modules.assetbundle@1.0.0 (location: /Users/xinyu/VRLearn/Library/PackageCache/com.unity.modules.assetbundle)
    com.unity.modules.audio@1.0.0 (location: /Users/xinyu/VRLearn/Library/PackageCache/com.unity.modules.audio)
    com.unity.modules.cloth@1.0.0 (location: /Users/xinyu/VRLearn/Library/PackageCache/com.unity.modules.cloth)
    com.unity.modules.director@1.0.0 (location: /Users/xinyu/VRLearn/Library/PackageCache/com.unity.modules.director)
    com.unity.modules.imageconversion@1.0.0 (location: /Users/xinyu/VRLearn/Library/PackageCache/com.unity.modules.imageconversion)
    com.unity.modules.imgui@1.0.0 (location: /Users/xinyu/VRLearn/Library/PackageCache/com.unity.modules.imgui)
    com.unity.modules.jsonserialize@1.0.0 (location: /Users/xinyu/VRLearn/Library/PackageCache/com.unity.modules.jsonserialize)
    com.unity.modules.particlesystem@1.0.0 (location: /Users/xinyu/VRLearn/Library/PackageCache/com.unity.modules.particlesystem)
    com.unity.modules.physics@1.0.0 (location: /Users/xinyu/VRLearn/Library/PackageCache/com.unity.modules.physics)
    com.unity.modules.physics2d@1.0.0 (location: /Users/xinyu/VRLearn/Library/PackageCache/com.unity.modules.physics2d)
    com.unity.modules.screencapture@1.0.0 (location: /Users/xinyu/VRLearn/Library/PackageCache/com.unity.modules.screencapture)
    com.unity.modules.terrain@1.0.0 (location: /Users/xinyu/VRLearn/Library/PackageCache/com.unity.modules.terrain)
    com.unity.modules.terrainphysics@1.0.0 (location: /Users/xinyu/VRLearn/Library/PackageCache/com.unity.modules.terrainphysics)
    com.unity.modules.tilemap@1.0.0 (location: /Users/xinyu/VRLearn/Library/PackageCache/com.unity.modules.tilemap)
    com.unity.modules.ui@1.0.0 (location: /Users/xinyu/VRLearn/Library/PackageCache/com.unity.modules.ui)
    com.unity.modules.uielements@1.0.0 (location: /Users/xinyu/VRLearn/Library/PackageCache/com.unity.modules.uielements)
    com.unity.modules.umbra@1.0.0 (location: /Users/xinyu/VRLearn/Library/PackageCache/com.unity.modules.umbra)
    com.unity.modules.unityanalytics@1.0.0 (location: /Users/xinyu/VRLearn/Library/PackageCache/com.unity.modules.unityanalytics)
    com.unity.modules.unitywebrequest@1.0.0 (location: /Users/xinyu/VRLearn/Library/PackageCache/com.unity.modules.unitywebrequest)
    com.unity.modules.unitywebrequestassetbundle@1.0.0 (location: /Users/xinyu/VRLearn/Library/PackageCache/com.unity.modules.unitywebrequestassetbundle)
    com.unity.modules.unitywebrequestaudio@1.0.0 (location: /Users/xinyu/VRLearn/Library/PackageCache/com.unity.modules.unitywebrequestaudio)
    com.unity.modules.unitywebrequesttexture@1.0.0 (location: /Users/xinyu/VRLearn/Library/PackageCache/com.unity.modules.unitywebrequesttexture)
    com.unity.modules.unitywebrequestwww@1.0.0 (location: /Users/xinyu/VRLearn/Library/PackageCache/com.unity.modules.unitywebrequestwww)
    com.unity.modules.vectorgraphics@1.0.0 (location: /Users/xinyu/VRLearn/Library/PackageCache/com.unity.modules.vectorgraphics)
    com.unity.modules.vehicles@1.0.0 (location: /Users/xinyu/VRLearn/Library/PackageCache/com.unity.modules.vehicles)
    com.unity.modules.video@1.0.0 (location: /Users/xinyu/VRLearn/Library/PackageCache/com.unity.modules.video)
    com.unity.modules.vr@1.0.0 (location: /Users/xinyu/VRLearn/Library/PackageCache/com.unity.modules.vr)
    com.unity.modules.wind@1.0.0 (location: /Users/xinyu/VRLearn/Library/PackageCache/com.unity.modules.wind)
    com.unity.modules.xr@1.0.0 (location: /Users/xinyu/VRLearn/Library/PackageCache/com.unity.modules.xr)
    com.unity.modules.subsystems@1.0.0 (location: /Users/xinyu/VRLearn/Library/PackageCache/com.unity.modules.subsystems)
    com.unity.modules.hierarchycore@1.0.0 (location: /Users/xinyu/VRLearn/Library/PackageCache/com.unity.modules.hierarchycore)
    com.unity.ext.nunit@2.0.5 (location: /Users/xinyu/VRLearn/Library/PackageCache/com.unity.ext.nunit@d8c07649098d)
    com.unity.render-pipelines.core@17.3.0 (location: /Users/xinyu/VRLearn/Library/PackageCache/com.unity.render-pipelines.core@c3bbbae46ff1)
    com.unity.shadergraph@17.3.0 (location: /Users/xinyu/VRLearn/Library/PackageCache/com.unity.shadergraph@0a17040bdbb7)
    com.unity.render-pipelines.universal-config@17.0.3 (location: /Users/xinyu/VRLearn/Library/PackageCache/com.unity.render-pipelines.universal-config@8dc1aab4af1d)
[Subsystems] Looking for new subsystems at path /Users/xinyu/VRLearn/Library/PackageCache/com.unity.xr.openxr@58837b2992e0
[Subsystems] Novel subsystem found at Library/PackageCache/com.unity.xr.openxr@58837b2992e0/Runtime/UnitySubsystemsManifest.json
[Subsystems] Discovering subsystems at path /Applications/Unity/Hub/Editor/6000.3.19f1/Unity.app/Contents/Resources/UnitySubsystems
[Subsystems] Discovering subsystems at path /Users/xinyu/VRLearn/Assets
[Subsystems] Discovering subsystems at path /Users/xinyu/VRLearn/Library/PackageCache/com.unity.xr.openxr@58837b2992e0
[Subsystems] No descriptors matched for  examples in Library/PackageCache/com.unity.xr.openxr@58837b2992e0/Runtime/UnitySubsystemsManifest.json.
[Subsystems] 1 'inputs' descriptors matched in Library/PackageCache/com.unity.xr.openxr@58837b2992e0/Runtime/UnitySubsystemsManifest.json
[Subsystems] 1 'displays' descriptors matched in Library/PackageCache/com.unity.xr.openxr@58837b2992e0/Runtime/UnitySubsystemsManifest.json
[Subsystems] No descriptors matched for  meshings in Library/PackageCache/com.unity.xr.openxr@58837b2992e0/Runtime/UnitySubsystemsManifest.json.
[Package Manager] Done registering packages in 0.02 seconds
[40m[32minfo[39m[22m[49m: Microsoft.Hosting.Lifetime[14]
      Now listening on: http://unix:/tmp/ilpp.sock-aa15c8b93215672a0aae6bdc28982abf
[40m[32minfo[39m[22m[49m: Microsoft.Hosting.Lifetime[0]
      Application started. Press Ctrl+C to shut down.
[40m[32minfo[39m[22m[49m: Microsoft.Hosting.Lifetime[0]
      Hosting environment: Production
[40m[32minfo[39m[22m[49m: Microsoft.Hosting.Lifetime[0]
      Content root path: /Users/xinyu/VRLearn/
[40m[32minfo[39m[22m[49m: Microsoft.AspNetCore.Hosting.Diagnostics[1]
      Request starting HTTP/2 POST http://ilpp/UnityILPP.PostProcessing/Ping application/grpc -
[40m[32minfo[39m[22m[49m: Microsoft.AspNetCore.Routing.EndpointMiddleware[0]
      Executing endpoint 'gRPC - /UnityILPP.PostProcessing/Ping'
[40m[32minfo[39m[22m[49m: Microsoft.AspNetCore.Routing.EndpointMiddleware[1]
      Executed endpoint 'gRPC - /UnityILPP.PostProcessing/Ping'
[40m[32minfo[39m[22m[49m: Microsoft.AspNetCore.Hosting.Diagnostics[2]
      Request finished HTTP/2 POST http://ilpp/UnityILPP.PostProcessing/Ping application/grpc - - 200 - application/grpc 72.3829ms
Starting: /Applications/Unity/Hub/Editor/6000.3.19f1/Unity.app/Contents/Resources/BuildPipeline/bee_backend --ipc --defer-dag-verification --dagfile="Library/Bee/1300b0aE.dag" --continue-on-failure --profile="Library/Bee/backend1.traceevents" ScriptAssemblies
WorkingDir: /Users/xinyu/VRLearn
DisplayProgressbar: Compiling Scripts
[40m[32minfo[39m[22m[49m: Microsoft.AspNetCore.Hosting.Diagnostics[1]
      Request starting HTTP/2 POST http://ilpp/UnityILPP.PostProcessing/ConfigurePostProcessors application/grpc -
[40m[32minfo[39m[22m[49m: Microsoft.AspNetCore.Routing.EndpointMiddleware[0]
      Executing endpoint 'gRPC - /UnityILPP.PostProcessing/ConfigurePostProcessors'
[40m[1m[33mwarn[39m[22m[49m: Unity.ILPP.Runner.PostProcessingAssemblyLoadContext[0]
      Assembly system.runtime.interopservices.windowsruntime has duplicate hint path. Ignoring "/Applications/Unity/Hub/Editor/6000.3.19f1/Unity.app/Contents/Resources/Scripting/UnityReferenceAssemblies/unity-4.8-api/Facades/System.Runtime.InteropServices.WindowsRuntime.dll" in favor of "/Applications/Unity/Hub/Editor/6000.3.19f1/Unity.app/Contents/Resources/Scripting/NetStandard/Extensions/2.0.0/System.Runtime.InteropServices.WindowsRuntime.dll"
[40m[1m[33mwarn[39m[22m[49m: Unity.ILPP.Runner.PostProcessingAssemblyLoadContext[0]
      Assembly system.componentmodel.composition has duplicate hint path. Ignoring "/Applications/Unity/Hub/Editor/6000.3.19f1/Unity.app/Contents/Resources/Scripting/UnityReferenceAssemblies/unity-4.8-api/System.ComponentModel.Composition.dll" in favor of "/Applications/Unity/Hub/Editor/6000.3.19f1/Unity.app/Contents/Resources/Scripting/NetStandard/compat/2.1.0/shims/netfx/System.ComponentModel.Composition.dll"
[40m[32minfo[39m[22m[49m: Unity.ILPP.Runner.PostProcessingAssemblyLoadContext[0]
      Resolved Unity.Burst.Cecil, Version=0.11.6.0, Culture=neutral, PublicKeyToken=50cebf1cceb9d05e with Library/PackageCache/com.unity.burst@6bb9aca3ef38/Unity.Burst.CodeGen/Unity.Burst.Cecil.dll
[40m[32minfo[39m[22m[49m: Unity.ILPP.Runner.PostProcessingAssemblyLoadContext[0]
      Resolved Mono.Cecil, Version=0.11.5.0, Culture=neutral, PublicKeyToken=50cebf1cceb9d05e with Library/PackageCache/com.unity.nuget.mono-cecil@ecb9724e46ff/Mono.Cecil.dll
[40m[32minfo[39m[22m[49m: Microsoft.AspNetCore.Routing.EndpointMiddleware[1]
      Executed endpoint 'gRPC - /UnityILPP.PostProcessing/ConfigurePostProcessors'
[40m[32minfo[39m[22m[49m: Microsoft.AspNetCore.Hosting.Diagnostics[2]
      Request finished HTTP/2 POST http://ilpp/UnityILPP.PostProcessing/ConfigurePostProcessors application/grpc - - 200 - application/grpc 49.6088ms
ExitCode: 0 Duration: 0s756ms
[1051/1436  0s] ILPP-Configuration Library/ilpp-configuration.nevergeneratedoutput
*** Tundra build success (0.72 seconds), 1 items updated, 1436 evaluated
Total cache size 0
Total cache size after purge 0, took 00:00:00.0099841
AssetDatabase: script compilation time: 1.848747s
Begin MonoManager ReloadAssembly
- Loaded All Assemblies, in  2.059 seconds
'Packages/com.meta.xr.sdk.core/Editor/BuildingBlocks/BlocksWindowDetailsExtension.cs' contains partial class of Unity.Object, exactly 1 of the partial classes needs to be in a file with the same filename. This is to know the one that can be referenced from ie. GameObjects
'Packages/com.meta.xr.sdk.core/Editor/RuntimeOptimizer/RuntimeOptimizer.cs' contains partial class of Unity.Object, exactly 1 of the partial classes needs to be in a file with the same filename. This is to know the one that can be referenced from ie. GameObjects
'Packages/com.meta.xr.sdk.core/Editor/BuildingBlocks/BlocksWindow.cs' contains partial class of Unity.Object, exactly 1 of the partial classes needs to be in a file with the same filename. This is to know the one that can be referenced from ie. GameObjects
'Packages/com.meta.xr.sdk.core/Editor/BuildingBlocks/BlocksWindowCollectionsPageExtension.cs' contains partial class of Unity.Object, exactly 1 of the partial classes needs to be in a file with the same filename. This is to know the one that can be referenced from ie. GameObjects
'Packages/com.meta.xr.sdk.core/Editor/RuntimeOptimizer/RuntimeOptimizerNetworking.cs' contains partial class of Unity.Object, exactly 1 of the partial classes needs to be in a file with the same filename. This is to know the one that can be referenced from ie. GameObjects
'Packages/com.meta.xr.sdk.core/Editor/RuntimeOptimizer/RuntimeOptimizerStyles.cs' contains partial class of Unity.Object, exactly 1 of the partial classes needs to be in a file with the same filename. This is to know the one that can be referenced from ie. GameObjects
Refreshing native plugins compatible for Editor in 5.75 ms, found 12 plugins.
Native extension for Android target not found
Native extension for OSXStandalone target not found
Refreshing native plugins compatible for Editor in 5.14 ms, found 12 plugins.
I0908 16:46:45.292748 631626 OVRTelemetry.cpp:57] Telemetry_Init: calling startSession with engineName=Unity, pluginVersion=1.203.0
sh: /Applications/Meta: No such file or directory
I0908 16:46:45.313406 631626 OVRTelemetry.cpp:61] Telemetry_Init: startSession completed successfully
ScheduleIndexationOnStartup MainProcess:True IndexOnStartup:True
Mono: successfully reloaded assembly
- Finished resetting the current domain, in  7.328 seconds
Domain Reload Profiling: 9386ms
	BeginReloadAssembly (364ms)
		ExecutionOrderSort (0ms)
		DisableScriptedObjects (47ms)
		BackupInstance (0ms)
		ReleaseScriptingObjects (0ms)
		CreateAndSetChildDomain (101ms)
	RebuildCommonClasses (84ms)
	RebuildNativeTypeToScriptingClass (28ms)
	initialDomainReloadingComplete (54ms)
	LoadAllAssembliesAndSetupDomain (1528ms)
		LoadAssemblies (926ms)
		RebuildTransferFunctionScriptingTraits (0ms)
		AnalyzeDomain (740ms)
			TypeCache.Refresh (538ms)
				TypeCache.ScanAssembly (507ms)
			BuildScriptInfoCaches (151ms)
			ResolveRequiredComponents (41ms)
	FinalizeReload (7329ms)
		ReleaseScriptCaches (0ms)
		RebuildScriptCaches (0ms)
		SetupLoadedEditorAssemblies (6695ms)
			LogAssemblyErrors (0ms)
			InitializePlatformSupportModulesInManaged (58ms)
			SetLoadedEditorAssemblies (10ms)
			BeforeProcessingInitializeOnLoad (342ms)
			ProcessInitializeOnLoadAttributes (5573ms)
			ProcessInitializeOnLoadMethodAttributes (710ms)
			AfterProcessingInitializeOnLoad (2ms)
			EditorAssembliesLoaded (1ms)
		ExecutionOrderSort2 (0ms)
		AwakeInstancesAfterBackupRestoration (32ms)
Start importing Assets/_Project/XR/Settings/OpenXRPackageSettings.asset using Guid(01d33a87f0f5f49c8ac47950efbf5ffb) (NativeFormatImporter) -> (artifact id: '256f2daead15732f07c8e362074e0936') in 0.049139714 seconds
Refreshing native plugins compatible for Editor in 5.79 ms, found 12 plugins.
Preloading 0 native plugins for Editor in 0.00 ms.
Asset Pipeline Refresh (id=e644e23bcf83c45fe9cc4f6af4cf4bd9): Total: 15.454 seconds - Initiated by InitialRefreshV2(ForceSynchronousImport)
	Summary:
		Imports: total=1 (actual=1, local cache=0, cache server=0)
		Asset DB Process Time: managed=19 ms, native=9191 ms
		Asset DB Callback time: managed=2181 ms, native=34 ms
		Scripting: domain reloads=1, domain reload time=2060 ms, compile time=1852 ms, other=114 ms
		Project Asset Count: scripts=2269, non-scripts=3699
		Asset File Changes: new=0, changed=0, moved=0, deleted=0
		Scan Filter Count: 1
	InvokeCustomDependenciesCallbacks: 0.003ms
	InvokePackagesCallback: 25.424ms
	ApplyChangesToAssetFolders: 0.613ms
	Scan: 997.933ms
	OnSourceAssetsModified: 0.007ms
	CategorizeAssetsWithTransientArtifact: 138.457ms
	ProcessAssetsWithTransientArtifactChanges: 213.578ms
	CategorizeAssets: 141.646ms
	ImportOutOfDateAssets: 7410.996ms (5500.524ms without children)
		ImportManagerImport: 53.678ms (3.973ms without children)
			ImportInProcess: 49.670ms
			UpdateCategorizedAssets: 0.035ms
		CompileScripts: 1851.598ms
		ReloadNativeAssets: 0.040ms
		UnloadImportedAssets: 1.258ms
		ReloadImportedAssets: 0.147ms
		EnsureUptoDateAssetsAreRegisteredWithGuidPM: 1.892ms
		InitializingProgressBar: 0.007ms
		PostProcessAllAssetNotificationsAddChangedAssets: 0.000ms
		OnDemandSchedulerStart: 1.852ms
	PostProcessAllAssets: 2183.014ms
	Hotreload: 9.069ms
	GatherAllCurrentPrimaryArtifactRevisions: 0.000ms
	UnloadStreamsBegin: 3.773ms
	PersistCurrentRevisions: 0.343ms
	UnloadStreamsEnd: 0.001ms
	GenerateScriptTypeHashes: 16.820ms
	Untracked: 4328.880ms

Application.AssetDatabase Initial Refresh End
Shader 'Oculus/OVRMRCameraFrameLit': fallback shader 'Alpha-Diffuse' not found
Shader 'Oculus/OVRMRCameraFrameLit': fallback shader 'Alpha-Diffuse' not found
Scanning for USB devices : 2.295ms
Initializing Unity extensions:
[MODES] ModeService[none].Initialize
[MODES] ModeService[none].LoadModes
[MODES] Loading mode Default (0) for mode-current-id-VRLearn
Unloading 152 Unused Serialized files (Serialized files now loaded: 0)
Unloading 8904 unused Assets / (9.6 MB). Loaded Objects now: 10459.
Memory consumption went from 293.7 MB to 284.1 MB.
Total: 34.908918 ms (FindLiveObjects: 1.419684 ms CreateObjectMapping: 2.282628 ms MarkObjects: 22.893797 ms  DeleteObjects: 8.311421 ms)

[Project] Loading completed in 22.620 seconds
	Project init time: 				21.047 seconds
		Template init time: 		0.000 seconds
		Package Manager init time: 		1.974 seconds
		Asset Database init time: 		0.586 seconds
		Global illumination init time: 	0.003 seconds
		Assemblies load time: 			1.785 seconds
		Unity extensions init time: 	0.016 seconds
		Asset Database refresh time: 	15.454 seconds
	Scene opening time: 			1.407 seconds
##utp:{"type":"ProjectInfo","version":2,"phase":"Immediate","time":1788853612061,"processId":34629,"projectLoad":22.619518883,"projectInit":21.046679841,"templateInit":0.0,"packageManagerInit":1.974208422,"assetDatabaseInit":0.585940459,"globalIlluminationInit":0.002574412,"assembliesLoad":1.785310231,"unityExtensionsInit":0.015881739,"assetDatabaseRefresh":15.453906319,"sceneOpening":1.406680102}
##utp:{"type":"EditorInfo","version":2,"phase":"Immediate","time":1788853612061,"processId":34629,"editorVersion":"6000.3.19f1 (7689f4515d75)","branch":"6000.3/staging","buildType":"Release","platform":"OSX"}
[Licensing::Client] Successfully resolved entitlement details
[Licensing::Client] Successfully resolved entitlement details
Running tests for ExecutionSettings with details:
targetPlatform = 
playerHeartbeatTimeout = 600
filters[0] = 
   Filter with settings:
   testMode = PlayMode
   targetPlatform = 
   testNames = null
   groupNames = null
   categoryNames = null
   assemblyNames = VRLearn.PlayModeTests
ignoreTests = {}
featureFlags = null

UnityEngine.Debug:ExtractStackTraceNoAlloc (byte*,int,string)
UnityEngine.StackTraceUtility:ExtractStackTrace () (at /Users/bokken/build/output/unity/unity/Runtime/Export/Scripting/StackTrace.cs:35)
UnityEngine.DebugLogHandler:Internal_Log (UnityEngine.LogType,UnityEngine.LogOption,string,UnityEngine.Object)
UnityEngine.DebugLogHandler:LogFormat (UnityEngine.LogType,UnityEngine.Object,string,object[])
UnityEngine.Logger:Log (UnityEngine.LogType,object)
UnityEngine.Debug:Log (object)
UnityEditor.TestTools.TestRunner.CommandLineTest.Executer:InitializeAndExecuteRun (string[]) (at ./Library/PackageCache/com.unity.test-framework@bd7f943e9647/UnityEditor.TestRunner/CommandLineTest/Executer.cs:53)
UnityEditor.TestTools.TestRunner.CommandLineTest.TestStarter:InitializeAndExecuteRun () (at ./Library/PackageCache/com.unity.test-framework@bd7f943e9647/UnityEditor.TestRunner/CommandLineTest/TestStarter.cs:64)
UnityEditor.EditorApplication:Internal_CallUpdateFunctions () (at /Users/bokken/build/output/unity/unity/Editor/Mono/EditorApplication.cs:392)

(Filename: ./Library/PackageCache/com.unity.test-framework@bd7f943e9647/UnityEditor.TestRunner/CommandLineTest/Executer.cs Line: 53)

[Licensing::Client] Successfully resolved entitlement details
[Licensing::Client] Successfully resolved entitlement details
Start Indexing on Editor startup
[Indexing] Starting Initial Indexing for Assets
[Licensing::Client] Successfully resolved entitlement details
[UnityConnectServicesConfig] config is NOT valid, switching to default
Created GICache directory at /Users/xinyu/Library/Caches/com.unity3d.UnityEditor/GiCache. Took: 0.016s, timestamps: [22.625 - 22.641]
[Licensing::Client] Successfully resolved entitlement details
[Licensing::Client] Successfully resolved entitlement details
[Project Setup Tool] There are 4 outstanding Recommended fixes.
For more information, go to <a href="OpenProjectSetupTool">Edit > Project Settings > Meta XR</a>
UnityEngine.Debug:ExtractStackTraceNoAlloc (byte*,int,string)
UnityEngine.StackTraceUtility:ExtractStackTrace () (at /Users/bokken/build/output/unity/unity/Runtime/Export/Scripting/StackTrace.cs:35)
UnityEngine.DebugLogHandler:Internal_Log (UnityEngine.LogType,UnityEngine.LogOption,string,UnityEngine.Object)
UnityEngine.DebugLogHandler:LogFormat (UnityEngine.LogType,UnityEngine.Object,string,object[])
UnityEngine.Logger:Log (UnityEngine.LogType,object)
UnityEngine.Debug:LogWarning (object)
OVRConfigurationTaskUpdaterSummary:Log () (at ./Library/PackageCache/com.meta.xr.sdk.core@f4a2a776f923/Editor/OVRProjectSetup/Tasks/Processors/OVRConfigurationTaskUpdaterSummary.cs:230)
OVRConfigurationTaskUpdater:Complete () (at ./Library/PackageCache/com.meta.xr.sdk.core@f4a2a776f923/Editor/OVRProjectSetup/Tasks/Processors/OVRConfigurationTaskUpdater.cs:129)
OVRConfigurationTaskProcessorQueue:Dequeue (OVRConfigurationTaskProcessor) (at ./Library/PackageCache/com.meta.xr.sdk.core@f4a2a776f923/Editor/OVRProjectSetup/Tasks/Processors/OVRConfigurationTaskProcessorQueue.cs:115)
OVRConfigurationTaskProcessorQueue:Update () (at ./Library/PackageCache/com.meta.xr.sdk.core@f4a2a776f923/Editor/OVRProjectSetup/Tasks/Processors/OVRConfigurationTaskProcessorQueue.cs:136)
UnityEditor.EditorApplication:Internal_CallUpdateFunctions () (at /Users/bokken/build/output/unity/unity/Editor/Mono/EditorApplication.cs:392)

(Filename: ./Library/PackageCache/com.meta.xr.sdk.core@f4a2a776f923/Editor/OVRProjectSetup/Tasks/Processors/OVRConfigurationTaskUpdaterSummary.cs Line: 230)

Unloading 13 Unused Serialized files (Serialized files now loaded: 0)
Unloading 2 unused Assets / (44.2 KB). Loaded Objects now: 10486.
Memory consumption went from 295.7 MB to 295.7 MB.
Total: 35.310587 ms (FindLiveObjects: 0.586432 ms CreateObjectMapping: 0.853983 ms MarkObjects: 33.831947 ms  DeleteObjects: 0.037112 ms)

Start importing Assets/_Project/XR/Settings/OpenXRPackageSettings.asset using Guid(01d33a87f0f5f49c8ac47950efbf5ffb) (NativeFormatImporter) -> (artifact id: '256f2daead15732f07c8e362074e0936') in 0.002237126 seconds
Refreshing native plugins compatible for Editor in 5.37 ms, found 12 plugins.
Preloading 0 native plugins for Editor in 0.00 ms.
Asset Pipeline Refresh (id=3b0fcd41daf4c4a728a7fd53e1798c0a): Total: 0.115 seconds - Initiated by StopAssetImportingV2(NoUpdateAssetOptions)
Start importing Assets/InitTestScene8bfed935-18f0-44f0-8fc3-201594d8106f.unity using Guid(a9c03c800d53e4b1dbd3abe9f5213294) (DefaultImporter) -> (artifact id: '8aee2262870c0c582f492edef1c42018') in 0.002559775 seconds
Refreshing native plugins compatible for Editor in 5.67 ms, found 12 plugins.
Preloading 0 native plugins for Editor in 0.00 ms.
Asset Pipeline Refresh (id=c7b90b91a3aed4ab7bb3473b00728568): Total: 0.068 seconds - Initiated by StopAssetImportingV2(NoUpdateAssetOptions)
Executing IPrebuildSetup for: Unity.PerformanceTesting.Editor.TestRunBuilder.
UnityEngine.Debug:ExtractStackTraceNoAlloc (byte*,int,string)
UnityEngine.StackTraceUtility:ExtractStackTrace () (at /Users/bokken/build/output/unity/unity/Runtime/Export/Scripting/StackTrace.cs:35)
UnityEngine.DebugLogHandler:Internal_Log (UnityEngine.LogType,UnityEngine.LogOption,string,UnityEngine.Object)
UnityEngine.DebugLogHandler:LogFormat (UnityEngine.LogType,UnityEngine.Object,string,object[])
UnityEngine.Logger:Log (UnityEngine.LogType,object)
UnityEngine.Debug:Log (object)
UnityEditor.TestTools.TestRunner.TestRun.Tasks.BuildActionTaskBase`1/<ExecuteMethods>d__8<UnityEngine.TestTools.IPrebuildSetup>:MoveNext () (at ./Library/PackageCache/com.unity.test-framework@bd7f943e9647/UnityEditor.TestRunner/TestRun/Tasks/BuildActionTaskBase.cs:48)
UnityEditor.TestTools.TestRunner.TestRun.Tasks.BuildActionTaskBase`1/<Execute>d__7<UnityEngine.TestTools.IPrebuildSetup>:MoveNext () (at ./Library/PackageCache/com.unity.test-framework@bd7f943e9647/UnityEditor.TestRunner/TestRun/Tasks/BuildActionTaskBase.cs:34)
UnityEditor.TestTools.TestRunner.TestRun.TestJobRunner:ExecuteStep () (at ./Library/PackageCache/com.unity.test-framework@bd7f943e9647/UnityEditor.TestRunner/TestRun/TestJobRunner.cs:173)
UnityEditor.TestTools.TestRunner.TestRun.TestJobRunner:ExecuteCallback () (at ./Library/PackageCache/com.unity.test-framework@bd7f943e9647/UnityEditor.TestRunner/TestRun/TestJobRunner.cs:108)
UnityEditor.EditorApplication:Internal_CallUpdateFunctions () (at /Users/bokken/build/output/unity/unity/Editor/Mono/EditorApplication.cs:392)

(Filename: ./Library/PackageCache/com.unity.test-framework@bd7f943e9647/UnityEditor.TestRunner/TestRun/Tasks/BuildActionTaskBase.cs Line: 48)

DisplayProgressbar: Unity Version Control
Reloading assemblies for play mode.
Reloading assemblies after forced synchronous recompile.
Begin MonoManager ReloadAssembly
Call to StopSubsystems without an initialized manager.Please make sure wait for initialization to complete before calling this API.
UnityEngine.Debug:ExtractStackTraceNoAlloc (byte*,int,string)
UnityEngine.StackTraceUtility:ExtractStackTrace () (at /Users/bokken/build/output/unity/unity/Runtime/Export/Scripting/StackTrace.cs:35)
UnityEngine.DebugLogHandler:Internal_Log (UnityEngine.LogType,UnityEngine.LogOption,string,UnityEngine.Object)
UnityEngine.DebugLogHandler:LogFormat (UnityEngine.LogType,UnityEngine.Object,string,object[])
UnityEngine.Logger:Log (UnityEngine.LogType,object)
UnityEngine.Debug:LogWarning (object)
UnityEngine.XR.Management.XRManagerSettings:StopSubsystems () (at ./Library/PackageCache/com.unity.xr.management@e3a3882b360a/Runtime/XRManagerSettings.cs:423)
UnityEngine.XR.Management.XRManagerSettings:OnDisable () (at ./Library/PackageCache/com.unity.xr.management@e3a3882b360a/Runtime/XRManagerSettings.cs:477)

(Filename: ./Library/PackageCache/com.unity.xr.management@e3a3882b360a/Runtime/XRManagerSettings.cs Line: 423)

Call to StopSubsystems without an initialized manager.Please make sure wait for initialization to complete before calling this API.
UnityEngine.Debug:ExtractStackTraceNoAlloc (byte*,int,string)
UnityEngine.StackTraceUtility:ExtractStackTrace () (at /Users/bokken/build/output/unity/unity/Runtime/Export/Scripting/StackTrace.cs:35)
UnityEngine.DebugLogHandler:Internal_Log (UnityEngine.LogType,UnityEngine.LogOption,string,UnityEngine.Object)
UnityEngine.DebugLogHandler:LogFormat (UnityEngine.LogType,UnityEngine.Object,string,object[])
UnityEngine.Logger:Log (UnityEngine.LogType,object)
UnityEngine.Debug:LogWarning (object)
UnityEngine.XR.Management.XRManagerSettings:StopSubsystems () (at ./Library/PackageCache/com.unity.xr.management@e3a3882b360a/Runtime/XRManagerSettings.cs:423)
UnityEngine.XR.Management.XRManagerSettings:OnDisable () (at ./Library/PackageCache/com.unity.xr.management@e3a3882b360a/Runtime/XRManagerSettings.cs:477)

(Filename: ./Library/PackageCache/com.unity.xr.management@e3a3882b360a/Runtime/XRManagerSettings.cs Line: 423)

- Loaded All Assemblies, in  2.082 seconds
Refreshing native plugins compatible for Editor in 5.08 ms, found 12 plugins.
Native extension for Android target not found
Native extension for OSXStandalone target not found
ScheduleIndexationOnStartup MainProcess:True IndexOnStartup:True
Mono: successfully reloaded assembly
- Finished resetting the current domain, in  2.933 seconds
Domain Reload Profiling: 5021ms
	BeginReloadAssembly (1201ms)
		ExecutionOrderSort (0ms)
		DisableScriptedObjects (42ms)
		BackupInstance (0ms)
		ReleaseScriptingObjects (0ms)
		CreateAndSetChildDomain (884ms)
	RebuildCommonClasses (100ms)
	RebuildNativeTypeToScriptingClass (32ms)
	initialDomainReloadingComplete (50ms)
	LoadAllAssembliesAndSetupDomain (704ms)
		LoadAssemblies (295ms)
		RebuildTransferFunctionScriptingTraits (0ms)
		AnalyzeDomain (554ms)
			TypeCache.Refresh (15ms)
				TypeCache.ScanAssembly (0ms)
			BuildScriptInfoCaches (479ms)
			ResolveRequiredComponents (48ms)
	FinalizeReload (2934ms)
		ReleaseScriptCaches (0ms)
		RebuildScriptCaches (0ms)
		SetupLoadedEditorAssemblies (2081ms)
			LogAssemblyErrors (0ms)
			InitializePlatformSupportModulesInManaged (60ms)
			SetLoadedEditorAssemblies (13ms)
			BeforeProcessingInitializeOnLoad (324ms)
			ProcessInitializeOnLoadAttributes (1162ms)
			ProcessInitializeOnLoadMethodAttributes (519ms)
			AfterProcessingInitializeOnLoad (2ms)
			EditorAssembliesLoaded (1ms)
		ExecutionOrderSort2 (0ms)
		AwakeInstancesAfterBackupRestoration (79ms)
Refreshing native plugins compatible for Editor in 5.12 ms, found 12 plugins.
Preloading 0 native plugins for Editor in 0.00 ms.
Asset Pipeline Refresh (id=d1058e60a210e45d4ab19211e5521e7b): Total: 5.577 seconds - Initiated by StopAssetImportingV2(ForceSynchronousImport | ForceDomainReload)
	Summary:
		Imports: total=2 (actual=0, local cache=2, cache server=0)
		Asset DB Process Time: managed=0 ms, native=3145 ms
		Asset DB Callback time: managed=319 ms, native=7 ms
		Scripting: domain reloads=1, domain reload time=2102 ms, compile time=2 ms, other=0 ms
		Project Asset Count: scripts=2269, non-scripts=3700
		Asset File Changes: new=0, changed=0, moved=0, deleted=0
		Scan Filter Count: 0
	InvokeCustomDependenciesCallbacks: 0.001ms
	InvokePackagesCallback: 1.214ms
	ApplyChangesToAssetFolders: 0.481ms
	Scan: 0.001ms
	OnSourceAssetsModified: 0.002ms
	CategorizeAssetsWithTransientArtifact: 0.004ms
	ProcessAssetsWithTransientArtifactChanges: 9.161ms
	CategorizeAssets: 121.227ms
	ImportOutOfDateAssets: 2952.564ms (2940.987ms without children)
		CompileScripts: 2.283ms
		CollectScriptTypesHashes: 4.127ms
		ReloadNativeAssets: 2.726ms
		UnloadImportedAssets: 0.108ms
		ReloadImportedAssets: 0.000ms
		EnsureUptoDateAssetsAreRegisteredWithGuidPM: 1.727ms
		InitializingProgressBar: 0.000ms
		PostProcessAllAssetNotificationsAddChangedAssets: 0.002ms
		OnDemandSchedulerStart: 0.605ms
	PostProcessAllAssets: 320.281ms
	Hotreload: 5.828ms
	GatherAllCurrentPrimaryArtifactRevisions: 0.408ms
	UnloadStreamsBegin: 0.347ms
	PersistCurrentRevisions: 0.467ms
	UnloadStreamsEnd: 0.001ms
	GenerateScriptTypeHashes: 12.708ms
	Untracked: 2164.993ms

[XR] Time interace not found - delta time prediction disabled.
[Subsystems] OpenXR XR Plugin successfully registered Provider for OpenXR Display
[Subsystems] OpenXR XR Plugin successfully registered Provider for OpenXR Input
[Subsystems] OpenXR XR Plugin successfully registered Provider for OpenXR Display
Start importing Assets/_Project/XR/Settings/OpenXRPackageSettings.asset using Guid(01d33a87f0f5f49c8ac47950efbf5ffb) (NativeFormatImporter) -> (artifact id: '256f2daead15732f07c8e362074e0936') in 0.00973823 seconds
Refreshing native plugins compatible for Editor in 6.09 ms, found 12 plugins.
Preloading 0 native plugins for Editor in 0.00 ms.
Asset Pipeline Refresh (id=62e7e07eb2cf94ec89d91f3c473498e3): Total: 0.049 seconds - Initiated by StopAssetImportingV2(NoUpdateAssetOptions)
Loading OpenXR loader library at path: /Users/xinyu/VRLearn/Library/PackageCache/com.unity.xr.openxr@58837b2992e0/RuntimeLoaders/osx/libopenxr_loader.dylib
UnityEngine.Debug:ExtractStackTraceNoAlloc (byte*,int,string)
UnityEngine.StackTraceUtility:ExtractStackTrace () (at /Users/bokken/build/output/unity/unity/Runtime/Export/Scripting/StackTrace.cs:35)
UnityEngine.DebugLogHandler:Internal_Log (UnityEngine.LogType,UnityEngine.LogOption,string,UnityEngine.Object)
UnityEngine.DebugLogHandler:LogFormat (UnityEngine.LogType,UnityEngine.Object,string,object[])
UnityEngine.Logger:Log (UnityEngine.LogType,object)
UnityEngine.Debug:Log (object)
UnityEngine.XR.OpenXR.OpenXRLoaderBase:LoadOpenXRSymbols () (at ./Library/PackageCache/com.unity.xr.openxr@58837b2992e0/Runtime/OpenXRLoader.cs:555)
UnityEngine.XR.OpenXR.OpenXRLoaderBase:InitializeInternal () (at ./Library/PackageCache/com.unity.xr.openxr@58837b2992e0/Runtime/OpenXRLoader.cs:237)
UnityEngine.XR.OpenXR.OpenXRLoaderBase:Initialize () (at ./Library/PackageCache/com.unity.xr.openxr@58837b2992e0/Runtime/OpenXRLoader.cs:207)
UnityEngine.XR.Management.XRManagerSettings:InitializeLoaderSync () (at ./Library/PackageCache/com.unity.xr.management@e3a3882b360a/Runtime/XRManagerSettings.cs:186)
UnityEngine.XR.Management.XRGeneralSettings:InitXRSDK () (at ./Library/PackageCache/com.unity.xr.management@e3a3882b360a/Runtime/XRGeneralSettings.cs:172)
UnityEngine.XR.Management.XRGeneralSettings:AttemptInitializeXRSDKOnLoad () (at ./Library/PackageCache/com.unity.xr.management@e3a3882b360a/Runtime/XRGeneralSettings.cs:145)

(Filename: ./Library/PackageCache/com.unity.xr.openxr@58837b2992e0/Runtime/OpenXRLoader.cs Line: 555)

[MetaXRFeature] HookGetInstanceProcAddr: 6203427216
UnityEngine.Debug:ExtractStackTraceNoAlloc (byte*,int,string)
UnityEngine.StackTraceUtility:ExtractStackTrace () (at /Users/bokken/build/output/unity/unity/Runtime/Export/Scripting/StackTrace.cs:35)
UnityEngine.DebugLogHandler:Internal_Log (UnityEngine.LogType,UnityEngine.LogOption,string,UnityEngine.Object)
UnityEngine.DebugLogHandler:LogFormat (UnityEngine.LogType,UnityEngine.Object,string,object[])
UnityEngine.Logger:Log (UnityEngine.LogType,object)
UnityEngine.Debug:Log (object)
Meta.XR.MetaXRFeature:HookGetInstanceProcAddr (intptr) (at ./Library/PackageCache/com.meta.xr.sdk.core@f4a2a776f923/Scripts/OpenXRFeatures/MetaXRFeature.cs:265)
UnityEngine.XR.OpenXR.Features.OpenXRFeature:HookGetInstanceProcAddr () (at ./Library/PackageCache/com.unity.xr.openxr@58837b2992e0/Runtime/Features/OpenXRFeature.cs:764)
UnityEngine.XR.OpenXR.OpenXRLoaderBase:InitializeInternal () (at ./Library/PackageCache/com.unity.xr.openxr@58837b2992e0/Runtime/OpenXRLoader.cs:250)
UnityEngine.XR.OpenXR.OpenXRLoaderBase:Initialize () (at ./Library/PackageCache/com.unity.xr.openxr@58837b2992e0/Runtime/OpenXRLoader.cs:207)
UnityEngine.XR.Management.XRManagerSettings:InitializeLoaderSync () (at ./Library/PackageCache/com.unity.xr.management@e3a3882b360a/Runtime/XRManagerSettings.cs:186)
UnityEngine.XR.Management.XRGeneralSettings:InitXRSDK () (at ./Library/PackageCache/com.unity.xr.management@e3a3882b360a/Runtime/XRGeneralSettings.cs:172)
UnityEngine.XR.Management.XRGeneralSettings:AttemptInitializeXRSDKOnLoad () (at ./Library/PackageCache/com.unity.xr.management@e3a3882b360a/Runtime/XRGeneralSettings.cs:145)

(Filename: ./Library/PackageCache/com.meta.xr.sdk.core@f4a2a776f923/Scripts/OpenXRFeatures/MetaXRFeature.cs Line: 265)

[MetaXRFeature] SetClientVersion
UnityEngine.Debug:ExtractStackTraceNoAlloc (byte*,int,string)
UnityEngine.StackTraceUtility:ExtractStackTrace () (at /Users/bokken/build/output/unity/unity/Runtime/Export/Scripting/StackTrace.cs:35)
UnityEngine.DebugLogHandler:Internal_Log (UnityEngine.LogType,UnityEngine.LogOption,string,UnityEngine.Object)
UnityEngine.DebugLogHandler:LogFormat (UnityEngine.LogType,UnityEngine.Object,string,object[])
UnityEngine.Logger:Log (UnityEngine.LogType,object)
UnityEngine.Debug:Log (object)
Meta.XR.MetaXRFeature:HookGetInstanceProcAddr (intptr) (at ./Library/PackageCache/com.meta.xr.sdk.core@f4a2a776f923/Scripts/OpenXRFeatures/MetaXRFeature.cs:267)
UnityEngine.XR.OpenXR.Features.OpenXRFeature:HookGetInstanceProcAddr () (at ./Library/PackageCache/com.unity.xr.openxr@58837b2992e0/Runtime/Features/OpenXRFeature.cs:764)
UnityEngine.XR.OpenXR.OpenXRLoaderBase:InitializeInternal () (at ./Library/PackageCache/com.unity.xr.openxr@58837b2992e0/Runtime/OpenXRLoader.cs:250)
UnityEngine.XR.OpenXR.OpenXRLoaderBase:Initialize () (at ./Library/PackageCache/com.unity.xr.openxr@58837b2992e0/Runtime/OpenXRLoader.cs:207)
UnityEngine.XR.Management.XRManagerSettings:InitializeLoaderSync () (at ./Library/PackageCache/com.unity.xr.management@e3a3882b360a/Runtime/XRManagerSettings.cs:186)
UnityEngine.XR.Management.XRGeneralSettings:InitXRSDK () (at ./Library/PackageCache/com.unity.xr.management@e3a3882b360a/Runtime/XRGeneralSettings.cs:172)
UnityEngine.XR.Management.XRGeneralSettings:AttemptInitializeXRSDKOnLoad () (at ./Library/PackageCache/com.unity.xr.management@e3a3882b360a/Runtime/XRGeneralSettings.cs:145)

(Filename: ./Library/PackageCache/com.meta.xr.sdk.core@f4a2a776f923/Scripts/OpenXRFeatures/MetaXRFeature.cs Line: 267)

[OVRPlugin][ERROR] xrGetInstanceProcAddr is nullptr
 (arvr/projects/integrations/OVRPlugin/Src/Util/CompositorOpenXR.cpp:1218)
[OVRPlugin][INFO] UnityPluginLoad called

[OVRPlugin][INFO] UnityOpenXR_SetClientVersion(1, 203, 0) called

[OVRPlugin][INFO] ovrp_UnityOpenXR_HookGetInstanceProcAddr(0x171c0c990)

[OVRPlugin][INFO] [CompositorOpenXR::SetExternalXrGetInstanceProcAddr] xrGetInstanceProcAddr set to 0x171c0c990. All OpenXR API Entires unbound.

[OVRPlugin][INFO] CompositorOpenXR::PreInitialize(activity = 0x0, apiType = 0, preinitializeFlags=0x1)

[OVRPlugin][INFO] Support Non-Oculus runtime: NO

[OVRPlugin][INFO] Use Alpha Blend Factors: NO

[OVRPlugin][INFO] RetryHMDConnection: YES

[OVRPlugin][INFO]  -- Set xrGetInstanceProcAddr to external function pointer

[OVRPlugin][INFO] Available Layers: (0)

Error [GENERAL | xrCreateInstance | OpenXR-Loader] : RuntimeManifestFile::FindManifestFiles - failed to determine active runtime file path for this environment
Error [GENERAL | xrCreateInstance | OpenXR-Loader] : RuntimeInterface::LoadRuntimes - unknown error
Error [GENERAL | xrCreateInstance | OpenXR-Loader] : RuntimeInterface::LoadRuntimes - failed to load a runtime
Error [GENERAL | xrCreateInstance | OpenXR-Loader] : Failed loading runtime information
Error [GENERAL | xrCreateInstance | OpenXR-Loader] : xrCreateInstance failed
[OVRPlugin][ERROR] [XRCMD][failure] [XR_ERROR_RUNTIME_UNAVAILABLE]: xrCreateInstance(&createInfo, &instance), arvr/projects/integrations/OVRPlugin/Src/Util/CompositorOpenXR.cpp:3084
 (arvr/projects/integrations/OVRPlugin/Src/Util/CompositorOpenXR.h:342)
[OVRPlugin][ERROR] CompositorOpenXR::PreInitialize() returns failure
 (arvr/projects/integrations/OVRPlugin/Src/OVR_Plugin_UnityOpenXR.cpp:59)
[OVRPlugin][INFO] Preinitialize: xrCreateInstance() failed

[OVRPlugin][INFO] ProfilerSystem: verbose mode 0

[OVRPlugin][INFO] OVRPlugin 1.203.0 ... preinitialized

[OVRPlugin][INFO] Func_xrGetInstanceProcAddr: override xrCreateInstance

Error [GENERAL | xrEnumerateInstanceExtensionProperties | OpenXR-Loader] : RuntimeManifestFile::FindManifestFiles - failed to determine active runtime file path for this environment
Error [GENERAL | xrEnumerateInstanceExtensionProperties | OpenXR-Loader] : RuntimeInterface::LoadRuntimes - unknown error
Error [GENERAL | xrEnumerateInstanceExtensionProperties | OpenXR-Loader] : RuntimeInterface::LoadRuntimes - failed to load a runtime
Error [GENERAL | xrEnumerateInstanceExtensionProperties | OpenXR-Loader] : Failed to find default runtime with RuntimeInterface::LoadRuntime()
Error [GENERAL | xrEnumerateInstanceExtensionProperties | OpenXR-Loader] : Failed querying extension properties
[XR] [0x7ff84548f180] [16:47:03.495][Error  ] xrEnumerateInstanceExtensionProperties: XR_ERROR_RUNTIME_UNAVAILABLE
Error [GENERAL | xrEnumerateInstanceExtensionProperties | OpenXR-Loader] : RuntimeManifestFile::FindManifestFiles - failed to determine active runtime file path for this environment
Error [GENERAL | xrEnumerateInstanceExtensionProperties | OpenXR-Loader] : RuntimeInterface::LoadRuntimes - unknown error
Error [GENERAL | xrEnumerateInstanceExtensionProperties | OpenXR-Loader] : RuntimeInterface::LoadRuntimes - failed to load a runtime
Error [GENERAL | xrEnumerateInstanceExtensionProperties | OpenXR-Loader] : Failed to find default runtime with RuntimeInterface::LoadRuntime()
Error [GENERAL | xrEnumerateInstanceExtensionProperties | OpenXR-Loader] : Failed querying extension properties
[XR] [0x7ff84548f180] [16:47:03.495][Error  ] xrEnumerateInstanceExtensionProperties: XR_ERROR_RUNTIME_UNAVAILABLE
Error [GENERAL | xrEnumerateInstanceExtensionProperties | OpenXR-Loader] : RuntimeManifestFile::FindManifestFiles - failed to determine active runtime file path for this environment
Error [GENERAL | xrEnumerateInstanceExtensionProperties | OpenXR-Loader] : RuntimeInterface::LoadRuntimes - unknown error
Error [GENERAL | xrEnumerateInstanceExtensionProperties | OpenXR-Loader] : RuntimeInterface::LoadRuntimes - failed to load a runtime
Error [GENERAL | xrEnumerateInstanceExtensionProperties | OpenXR-Loader] : Failed to find default runtime with RuntimeInterface::LoadRuntime()
Error [GENERAL | xrEnumerateInstanceExtensionProperties | OpenXR-Loader] : Failed querying extension properties
[XR] [0x7ff84548f180] [16:47:03.495][Error  ] xrEnumerateInstanceExtensionProperties: XR_ERROR_RUNTIME_UNAVAILABLE
Error [GENERAL | xrEnumerateInstanceExtensionProperties | OpenXR-Loader] : RuntimeManifestFile::FindManifestFiles - failed to determine active runtime file path for this environment
Error [GENERAL | xrEnumerateInstanceExtensionProperties | OpenXR-Loader] : RuntimeInterface::LoadRuntimes - unknown error
Error [GENERAL | xrEnumerateInstanceExtensionProperties | OpenXR-Loader] : RuntimeInterface::LoadRuntimes - failed to load a runtime
Error [GENERAL | xrEnumerateInstanceExtensionProperties | OpenXR-Loader] : Failed to find default runtime with RuntimeInterface::LoadRuntime()
Error [GENERAL | xrEnumerateInstanceExtensionProperties | OpenXR-Loader] : Failed querying extension properties
[XR] [0x7ff84548f180] [16:47:03.496][Error  ] xrEnumerateInstanceExtensionProperties: XR_ERROR_RUNTIME_UNAVAILABLE
Error [GENERAL | xrEnumerateInstanceExtensionProperties | OpenXR-Loader] : RuntimeManifestFile::FindManifestFiles - failed to determine active runtime file path for this environment
Error [GENERAL | xrEnumerateInstanceExtensionProperties | OpenXR-Loader] : RuntimeInterface::LoadRuntimes - unknown error
Error [GENERAL | xrEnumerateInstanceExtensionProperties | OpenXR-Loader] : RuntimeInterface::LoadRuntimes - failed to load a runtime
Error [GENERAL | xrEnumerateInstanceExtensionProperties | OpenXR-Loader] : Failed to find default runtime with RuntimeInterface::LoadRuntime()
Error [GENERAL | xrEnumerateInstanceExtensionProperties | OpenXR-Loader] : Failed querying extension properties
[XR] [0x7ff84548f180] [16:47:03.496][Error  ] xrEnumerateInstanceExtensionProperties: XR_ERROR_RUNTIME_UNAVAILABLE
Error [GENERAL | xrEnumerateInstanceExtensionProperties | OpenXR-Loader] : RuntimeManifestFile::FindManifestFiles - failed to determine active runtime file path for this environment
Error [GENERAL | xrEnumerateInstanceExtensionProperties | OpenXR-Loader] : RuntimeInterface::LoadRuntimes - unknown error
Error [GENERAL | xrEnumerateInstanceExtensionProperties | OpenXR-Loader] : RuntimeInterface::LoadRuntimes - failed to load a runtime
Error [GENERAL | xrEnumerateInstanceExtensionProperties | OpenXR-Loader] : Failed to find default runtime with RuntimeInterface::LoadRuntime()
Error [GENERAL | xrEnumerateInstanceExtensionProperties | OpenXR-Loader] : Failed querying extension properties
[XR] [0x7ff84548f180] [16:47:03.496][Error  ] xrEnumerateInstanceExtensionProperties: XR_ERROR_RUNTIME_UNAVAILABLE
Error [GENERAL | xrEnumerateInstanceExtensionProperties | OpenXR-Loader] : RuntimeManifestFile::FindManifestFiles - failed to determine active runtime file path for this environment
Error [GENERAL | xrEnumerateInstanceExtensionProperties | OpenXR-Loader] : RuntimeInterface::LoadRuntimes - unknown error
Error [GENERAL | xrEnumerateInstanceExtensionProperties | OpenXR-Loader] : RuntimeInterface::LoadRuntimes - failed to load a runtime
Error [GENERAL | xrEnumerateInstanceExtensionProperties | OpenXR-Loader] : Failed to find default runtime with RuntimeInterface::LoadRuntime()
Error [GENERAL | xrEnumerateInstanceExtensionProperties | OpenXR-Loader] : Failed querying extension properties
[XR] [0x7ff84548f180] [16:47:03.496][Error  ] xrEnumerateInstanceExtensionProperties: XR_ERROR_RUNTIME_UNAVAILABLE
Error [GENERAL | xrEnumerateInstanceExtensionProperties | OpenXR-Loader] : RuntimeManifestFile::FindManifestFiles - failed to determine active runtime file path for this environment
Error [GENERAL | xrEnumerateInstanceExtensionProperties | OpenXR-Loader] : RuntimeInterface::LoadRuntimes - unknown error
Error [GENERAL | xrEnumerateInstanceExtensionProperties | OpenXR-Loader] : RuntimeInterface::LoadRuntimes - failed to load a runtime
Error [GENERAL | xrEnumerateInstanceExtensionProperties | OpenXR-Loader] : Failed to find default runtime with RuntimeInterface::LoadRuntime()
Error [GENERAL | xrEnumerateInstanceExtensionProperties | OpenXR-Loader] : Failed querying extension properties
[XR] [0x7ff84548f180] [16:47:03.497][Error  ] xrEnumerateInstanceExtensionProperties: XR_ERROR_RUNTIME_UNAVAILABLE
Error [GENERAL | xrEnumerateInstanceExtensionProperties | OpenXR-Loader] : RuntimeManifestFile::FindManifestFiles - failed to determine active runtime file path for this environment
Error [GENERAL | xrEnumerateInstanceExtensionProperties | OpenXR-Loader] : RuntimeInterface::LoadRuntimes - unknown error
Error [GENERAL | xrEnumerateInstanceExtensionProperties | OpenXR-Loader] : RuntimeInterface::LoadRuntimes - failed to load a runtime
Error [GENERAL | xrEnumerateInstanceExtensionProperties | OpenXR-Loader] : Failed to find default runtime with RuntimeInterface::LoadRuntime()
Error [GENERAL | xrEnumerateInstanceExtensionProperties | OpenXR-Loader] : Failed querying extension properties
[XR] [0x7ff84548f180] [16:47:03.497][Error  ] xrEnumerateInstanceExtensionProperties: XR_ERROR_RUNTIME_UNAVAILABLE
Error [GENERAL | xrEnumerateInstanceExtensionProperties | OpenXR-Loader] : RuntimeManifestFile::FindManifestFiles - failed to determine active runtime file path for this environment
Error [GENERAL | xrEnumerateInstanceExtensionProperties | OpenXR-Loader] : RuntimeInterface::LoadRuntimes - unknown error
Error [GENERAL | xrEnumerateInstanceExtensionProperties | OpenXR-Loader] : RuntimeInterface::LoadRuntimes - failed to load a runtime
Error [GENERAL | xrEnumerateInstanceExtensionProperties | OpenXR-Loader] : Failed to find default runtime with RuntimeInterface::LoadRuntime()
Error [GENERAL | xrEnumerateInstanceExtensionProperties | OpenXR-Loader] : Failed querying extension properties
[XR] [0x7ff84548f180] [16:47:03.497][Error  ] xrEnumerateInstanceExtensionProperties: XR_ERROR_RUNTIME_UNAVAILABLE
Error [GENERAL | xrEnumerateInstanceExtensionProperties | OpenXR-Loader] : RuntimeManifestFile::FindManifestFiles - failed to determine active runtime file path for this environment
Error [GENERAL | xrEnumerateInstanceExtensionProperties | OpenXR-Loader] : RuntimeInterface::LoadRuntimes - unknown error
Error [GENERAL | xrEnumerateInstanceExtensionProperties | OpenXR-Loader] : RuntimeInterface::LoadRuntimes - failed to load a runtime
Error [GENERAL | xrEnumerateInstanceExtensionProperties | OpenXR-Loader] : Failed to find default runtime with RuntimeInterface::LoadRuntime()
Error [GENERAL | xrEnumerateInstanceExtensionProperties | OpenXR-Loader] : Failed querying extension properties
[XR] [0x7ff84548f180] [16:47:03.498][Error  ] xrEnumerateInstanceExtensionProperties: XR_ERROR_RUNTIME_UNAVAILABLE
Error [GENERAL | xrEnumerateInstanceExtensionProperties | OpenXR-Loader] : RuntimeManifestFile::FindManifestFiles - failed to determine active runtime file path for this environment
Error [GENERAL | xrEnumerateInstanceExtensionProperties | OpenXR-Loader] : RuntimeInterface::LoadRuntimes - unknown error
Error [GENERAL | xrEnumerateInstanceExtensionProperties | OpenXR-Loader] : RuntimeInterface::LoadRuntimes - failed to load a runtime
Error [GENERAL | xrEnumerateInstanceExtensionProperties | OpenXR-Loader] : Failed to find default runtime with RuntimeInterface::LoadRuntime()
Error [GENERAL | xrEnumerateInstanceExtensionProperties | OpenXR-Loader] : Failed querying extension properties
[XR] [0x7ff84548f180] [16:47:03.498][Error  ] xrEnumerateInstanceExtensionProperties: XR_ERROR_RUNTIME_UNAVAILABLE
Error [GENERAL | xrEnumerateInstanceExtensionProperties | OpenXR-Loader] : RuntimeManifestFile::FindManifestFiles - failed to determine active runtime file path for this environment
Error [GENERAL | xrEnumerateInstanceExtensionProperties | OpenXR-Loader] : RuntimeInterface::LoadRuntimes - unknown error
Error [GENERAL | xrEnumerateInstanceExtensionProperties | OpenXR-Loader] : RuntimeInterface::LoadRuntimes - failed to load a runtime
Error [GENERAL | xrEnumerateInstanceExtensionProperties | OpenXR-Loader] : Failed to find default runtime with RuntimeInterface::LoadRuntime()
Error [GENERAL | xrEnumerateInstanceExtensionProperties | OpenXR-Loader] : Failed querying extension properties
[XR] [0x7ff84548f180] [16:47:03.498][Error  ] xrEnumerateInstanceExtensionProperties: XR_ERROR_RUNTIME_UNAVAILABLE
Error [GENERAL | xrEnumerateInstanceExtensionProperties | OpenXR-Loader] : RuntimeManifestFile::FindManifestFiles - failed to determine active runtime file path for this environment
Error [GENERAL | xrEnumerateInstanceExtensionProperties | OpenXR-Loader] : RuntimeInterface::LoadRuntimes - unknown error
Error [GENERAL | xrEnumerateInstanceExtensionProperties | OpenXR-Loader] : RuntimeInterface::LoadRuntimes - failed to load a runtime
Error [GENERAL | xrEnumerateInstanceExtensionProperties | OpenXR-Loader] : Failed to find default runtime with RuntimeInterface::LoadRuntime()
Error [GENERAL | xrEnumerateInstanceExtensionProperties | OpenXR-Loader] : Failed querying extension properties
[XR] [0x7ff84548f180] [16:47:03.498][Error  ] xrEnumerateInstanceExtensionProperties: XR_ERROR_RUNTIME_UNAVAILABLE
Error [GENERAL | xrEnumerateInstanceExtensionProperties | OpenXR-Loader] : RuntimeManifestFile::FindManifestFiles - failed to determine active runtime file path for this environment
Error [GENERAL | xrEnumerateInstanceExtensionProperties | OpenXR-Loader] : RuntimeInterface::LoadRuntimes - unknown error
Error [GENERAL | xrEnumerateInstanceExtensionProperties | OpenXR-Loader] : RuntimeInterface::LoadRuntimes - failed to load a runtime
Error [GENERAL | xrEnumerateInstanceExtensionProperties | OpenXR-Loader] : Failed to find default runtime with RuntimeInterface::LoadRuntime()
Error [GENERAL | xrEnumerateInstanceExtensionProperties | OpenXR-Loader] : Failed querying extension properties
[XR] [0x7ff84548f180] [16:47:03.499][Error  ] xrEnumerateInstanceExtensionProperties: XR_ERROR_RUNTIME_UNAVAILABLE
Error [GENERAL | xrEnumerateInstanceExtensionProperties | OpenXR-Loader] : RuntimeManifestFile::FindManifestFiles - failed to determine active runtime file path for this environment
Error [GENERAL | xrEnumerateInstanceExtensionProperties | OpenXR-Loader] : RuntimeInterface::LoadRuntimes - unknown error
Error [GENERAL | xrEnumerateInstanceExtensionProperties | OpenXR-Loader] : RuntimeInterface::LoadRuntimes - failed to load a runtime
Error [GENERAL | xrEnumerateInstanceExtensionProperties | OpenXR-Loader] : Failed to find default runtime with RuntimeInterface::LoadRuntime()
Error [GENERAL | xrEnumerateInstanceExtensionProperties | OpenXR-Loader] : Failed querying extension properties
[XR] [0x7ff84548f180] [16:47:03.499][Error  ] xrEnumerateInstanceExtensionProperties: XR_ERROR_RUNTIME_UNAVAILABLE
Error [GENERAL | xrEnumerateInstanceExtensionProperties | OpenXR-Loader] : RuntimeManifestFile::FindManifestFiles - failed to determine active runtime file path for this environment
Error [GENERAL | xrEnumerateInstanceExtensionProperties | OpenXR-Loader] : RuntimeInterface::LoadRuntimes - unknown error
Error [GENERAL | xrEnumerateInstanceExtensionProperties | OpenXR-Loader] : RuntimeInterface::LoadRuntimes - failed to load a runtime
Error [GENERAL | xrEnumerateInstanceExtensionProperties | OpenXR-Loader] : Failed to find default runtime with RuntimeInterface::LoadRuntime()
Error [GENERAL | xrEnumerateInstanceExtensionProperties | OpenXR-Loader] : Failed querying extension properties
[XR] [0x7ff84548f180] [16:47:03.499][Error  ] xrEnumerateInstanceExtensionProperties: XR_ERROR_RUNTIME_UNAVAILABLE
Error [GENERAL | xrEnumerateInstanceExtensionProperties | OpenXR-Loader] : RuntimeManifestFile::FindManifestFiles - failed to determine active runtime file path for this environment
Error [GENERAL | xrEnumerateInstanceExtensionProperties | OpenXR-Loader] : RuntimeInterface::LoadRuntimes - unknown error
Error [GENERAL | xrEnumerateInstanceExtensionProperties | OpenXR-Loader] : RuntimeInterface::LoadRuntimes - failed to load a runtime
Error [GENERAL | xrEnumerateInstanceExtensionProperties | OpenXR-Loader] : Failed to find default runtime with RuntimeInterface::LoadRuntime()
Error [GENERAL | xrEnumerateInstanceExtensionProperties | OpenXR-Loader] : Failed querying extension properties
[XR] [0x7ff84548f180] [16:47:03.500][Error  ] xrEnumerateInstanceExtensionProperties: XR_ERROR_RUNTIME_UNAVAILABLE
Error [GENERAL | xrEnumerateInstanceExtensionProperties | OpenXR-Loader] : RuntimeManifestFile::FindManifestFiles - failed to determine active runtime file path for this environment
Error [GENERAL | xrEnumerateInstanceExtensionProperties | OpenXR-Loader] : RuntimeInterface::LoadRuntimes - unknown error
Error [GENERAL | xrEnumerateInstanceExtensionProperties | OpenXR-Loader] : RuntimeInterface::LoadRuntimes - failed to load a runtime
Error [GENERAL | xrEnumerateInstanceExtensionProperties | OpenXR-Loader] : Failed to find default runtime with RuntimeInterface::LoadRuntime()
Error [GENERAL | xrEnumerateInstanceExtensionProperties | OpenXR-Loader] : Failed querying extension properties
[XR] [0x7ff84548f180] [16:47:03.500][Error  ] xrEnumerateInstanceExtensionProperties: XR_ERROR_RUNTIME_UNAVAILABLE
Error [GENERAL | xrEnumerateInstanceExtensionProperties | OpenXR-Loader] : RuntimeManifestFile::FindManifestFiles - failed to determine active runtime file path for this environment
Error [GENERAL | xrEnumerateInstanceExtensionProperties | OpenXR-Loader] : RuntimeInterface::LoadRuntimes - unknown error
Error [GENERAL | xrEnumerateInstanceExtensionProperties | OpenXR-Loader] : RuntimeInterface::LoadRuntimes - failed to load a runtime
Error [GENERAL | xrEnumerateInstanceExtensionProperties | OpenXR-Loader] : Failed to find default runtime with RuntimeInterface::LoadRuntime()
Error [GENERAL | xrEnumerateInstanceExtensionProperties | OpenXR-Loader] : Failed querying extension properties
[XR] [0x7ff84548f180] [16:47:03.500][Error  ] xrEnumerateInstanceExtensionProperties: XR_ERROR_RUNTIME_UNAVAILABLE
Error [GENERAL | xrEnumerateInstanceExtensionProperties | OpenXR-Loader] : RuntimeManifestFile::FindManifestFiles - failed to determine active runtime file path for this environment
Error [GENERAL | xrEnumerateInstanceExtensionProperties | OpenXR-Loader] : RuntimeInterface::LoadRuntimes - unknown error
Error [GENERAL | xrEnumerateInstanceExtensionProperties | OpenXR-Loader] : RuntimeInterface::LoadRuntimes - failed to load a runtime
Error [GENERAL | xrEnumerateInstanceExtensionProperties | OpenXR-Loader] : Failed to find default runtime with RuntimeInterface::LoadRuntime()
Error [GENERAL | xrEnumerateInstanceExtensionProperties | OpenXR-Loader] : Failed querying extension properties
[XR] [0x7ff84548f180] [16:47:03.500][Error  ] xrEnumerateInstanceExtensionProperties: XR_ERROR_RUNTIME_UNAVAILABLE
Error [GENERAL | xrEnumerateInstanceExtensionProperties | OpenXR-Loader] : RuntimeManifestFile::FindManifestFiles - failed to determine active runtime file path for this environment
Error [GENERAL | xrEnumerateInstanceExtensionProperties | OpenXR-Loader] : RuntimeInterface::LoadRuntimes - unknown error
Error [GENERAL | xrEnumerateInstanceExtensionProperties | OpenXR-Loader] : RuntimeInterface::LoadRuntimes - failed to load a runtime
Error [GENERAL | xrEnumerateInstanceExtensionProperties | OpenXR-Loader] : Failed to find default runtime with RuntimeInterface::LoadRuntime()
Error [GENERAL | xrEnumerateInstanceExtensionProperties | OpenXR-Loader] : Failed querying extension properties
[XR] [0x7ff84548f180] [16:47:03.501][Error  ] xrEnumerateInstanceExtensionProperties: XR_ERROR_RUNTIME_UNAVAILABLE
Error [GENERAL | xrEnumerateInstanceExtensionProperties | OpenXR-Loader] : RuntimeManifestFile::FindManifestFiles - failed to determine active runtime file path for this environment
Error [GENERAL | xrEnumerateInstanceExtensionProperties | OpenXR-Loader] : RuntimeInterface::LoadRuntimes - unknown error
Error [GENERAL | xrEnumerateInstanceExtensionProperties | OpenXR-Loader] : RuntimeInterface::LoadRuntimes - failed to load a runtime
Error [GENERAL | xrEnumerateInstanceExtensionProperties | OpenXR-Loader] : Failed to find default runtime with RuntimeInterface::LoadRuntime()
Error [GENERAL | xrEnumerateInstanceExtensionProperties | OpenXR-Loader] : Failed querying extension properties
[XR] [0x7ff84548f180] [16:47:03.501][Error  ] xrEnumerateInstanceExtensionProperties: XR_ERROR_RUNTIME_UNAVAILABLE
Error [GENERAL | xrEnumerateInstanceExtensionProperties | OpenXR-Loader] : RuntimeManifestFile::FindManifestFiles - failed to determine active runtime file path for this environment
Error [GENERAL | xrEnumerateInstanceExtensionProperties | OpenXR-Loader] : RuntimeInterface::LoadRuntimes - unknown error
Error [GENERAL | xrEnumerateInstanceExtensionProperties | OpenXR-Loader] : RuntimeInterface::LoadRuntimes - failed to load a runtime
Error [GENERAL | xrEnumerateInstanceExtensionProperties | OpenXR-Loader] : Failed to find default runtime with RuntimeInterface::LoadRuntime()
Error [GENERAL | xrEnumerateInstanceExtensionProperties | OpenXR-Loader] : Failed querying extension properties
[XR] [0x7ff84548f180] [16:47:03.501][Error  ] xrEnumerateInstanceExtensionProperties: XR_ERROR_RUNTIME_UNAVAILABLE
Error [GENERAL | xrEnumerateInstanceExtensionProperties | OpenXR-Loader] : RuntimeManifestFile::FindManifestFiles - failed to determine active runtime file path for this environment
Error [GENERAL | xrEnumerateInstanceExtensionProperties | OpenXR-Loader] : RuntimeInterface::LoadRuntimes - unknown error
Error [GENERAL | xrEnumerateInstanceExtensionProperties | OpenXR-Loader] : RuntimeInterface::LoadRuntimes - failed to load a runtime
Error [GENERAL | xrEnumerateInstanceExtensionProperties | OpenXR-Loader] : Failed to find default runtime with RuntimeInterface::LoadRuntime()
Error [GENERAL | xrEnumerateInstanceExtensionProperties | OpenXR-Loader] : Failed querying extension properties
[XR] [0x7ff84548f180] [16:47:03.502][Error  ] xrEnumerateInstanceExtensionProperties: XR_ERROR_RUNTIME_UNAVAILABLE
Error [GENERAL | xrEnumerateInstanceExtensionProperties | OpenXR-Loader] : RuntimeManifestFile::FindManifestFiles - failed to determine active runtime file path for this environment
Error [GENERAL | xrEnumerateInstanceExtensionProperties | OpenXR-Loader] : RuntimeInterface::LoadRuntimes - unknown error
Error [GENERAL | xrEnumerateInstanceExtensionProperties | OpenXR-Loader] : RuntimeInterface::LoadRuntimes - failed to load a runtime
Error [GENERAL | xrEnumerateInstanceExtensionProperties | OpenXR-Loader] : Failed to find default runtime with RuntimeInterface::LoadRuntime()
Error [GENERAL | xrEnumerateInstanceExtensionProperties | OpenXR-Loader] : Failed querying extension properties
[XR] [0x7ff84548f180] [16:47:03.502][Error  ] xrEnumerateInstanceExtensionProperties: XR_ERROR_RUNTIME_UNAVAILABLE
Error [GENERAL | xrEnumerateInstanceExtensionProperties | OpenXR-Loader] : RuntimeManifestFile::FindManifestFiles - failed to determine active runtime file path for this environment
Error [GENERAL | xrEnumerateInstanceExtensionProperties | OpenXR-Loader] : RuntimeInterface::LoadRuntimes - unknown error
Error [GENERAL | xrEnumerateInstanceExtensionProperties | OpenXR-Loader] : RuntimeInterface::LoadRuntimes - failed to load a runtime
Error [GENERAL | xrEnumerateInstanceExtensionProperties | OpenXR-Loader] : Failed to find default runtime with RuntimeInterface::LoadRuntime()
Error [GENERAL | xrEnumerateInstanceExtensionProperties | OpenXR-Loader] : Failed querying extension properties
[XR] [0x7ff84548f180] [16:47:03.502][Error  ] xrEnumerateInstanceExtensionProperties: XR_ERROR_RUNTIME_UNAVAILABLE
Error [GENERAL | xrEnumerateInstanceExtensionProperties | OpenXR-Loader] : RuntimeManifestFile::FindManifestFiles - failed to determine active runtime file path for this environment
Error [GENERAL | xrEnumerateInstanceExtensionProperties | OpenXR-Loader] : RuntimeInterface::LoadRuntimes - unknown error
Error [GENERAL | xrEnumerateInstanceExtensionProperties | OpenXR-Loader] : RuntimeInterface::LoadRuntimes - failed to load a runtime
Error [GENERAL | xrEnumerateInstanceExtensionProperties | OpenXR-Loader] : Failed to find default runtime with RuntimeInterface::LoadRuntime()
Error [GENERAL | xrEnumerateInstanceExtensionProperties | OpenXR-Loader] : Failed querying extension properties
[XR] [0x7ff84548f180] [16:47:03.502][Error  ] xrEnumerateInstanceExtensionProperties: XR_ERROR_RUNTIME_UNAVAILABLE
Error [GENERAL | xrEnumerateInstanceExtensionProperties | OpenXR-Loader] : RuntimeManifestFile::FindManifestFiles - failed to determine active runtime file path for this environment
Error [GENERAL | xrEnumerateInstanceExtensionProperties | OpenXR-Loader] : RuntimeInterface::LoadRuntimes - unknown error
Error [GENERAL | xrEnumerateInstanceExtensionProperties | OpenXR-Loader] : RuntimeInterface::LoadRuntimes - failed to load a runtime
Error [GENERAL | xrEnumerateInstanceExtensionProperties | OpenXR-Loader] : Failed to find default runtime with RuntimeInterface::LoadRuntime()
Error [GENERAL | xrEnumerateInstanceExtensionProperties | OpenXR-Loader] : Failed querying extension properties
[XR] [0x7ff84548f180] [16:47:03.503][Error  ] xrEnumerateInstanceExtensionProperties: XR_ERROR_RUNTIME_UNAVAILABLE
Error [GENERAL | xrEnumerateInstanceExtensionProperties | OpenXR-Loader] : RuntimeManifestFile::FindManifestFiles - failed to determine active runtime file path for this environment
Error [GENERAL | xrEnumerateInstanceExtensionProperties | OpenXR-Loader] : RuntimeInterface::LoadRuntimes - unknown error
Error [GENERAL | xrEnumerateInstanceExtensionProperties | OpenXR-Loader] : RuntimeInterface::LoadRuntimes - failed to load a runtime
Error [GENERAL | xrEnumerateInstanceExtensionProperties | OpenXR-Loader] : Failed to find default runtime with RuntimeInterface::LoadRuntime()
Error [GENERAL | xrEnumerateInstanceExtensionProperties | OpenXR-Loader] : Failed querying extension properties
[XR] [0x7ff84548f180] [16:47:03.503][Error  ] xrEnumerateInstanceExtensionProperties: XR_ERROR_RUNTIME_UNAVAILABLE
Error [GENERAL | xrEnumerateInstanceExtensionProperties | OpenXR-Loader] : RuntimeManifestFile::FindManifestFiles - failed to determine active runtime file path for this environment
Error [GENERAL | xrEnumerateInstanceExtensionProperties | OpenXR-Loader] : RuntimeInterface::LoadRuntimes - unknown error
Error [GENERAL | xrEnumerateInstanceExtensionProperties | OpenXR-Loader] : RuntimeInterface::LoadRuntimes - failed to load a runtime
Error [GENERAL | xrEnumerateInstanceExtensionProperties | OpenXR-Loader] : Failed to find default runtime with RuntimeInterface::LoadRuntime()
Error [GENERAL | xrEnumerateInstanceExtensionProperties | OpenXR-Loader] : Failed querying extension properties
[XR] [0x7ff84548f180] [16:47:03.503][Error  ] xrEnumerateInstanceExtensionProperties: XR_ERROR_RUNTIME_UNAVAILABLE
Error [GENERAL | xrEnumerateInstanceExtensionProperties | OpenXR-Loader] : RuntimeManifestFile::FindManifestFiles - failed to determine active runtime file path for this environment
Error [GENERAL | xrEnumerateInstanceExtensionProperties | OpenXR-Loader] : RuntimeInterface::LoadRuntimes - unknown error
Error [GENERAL | xrEnumerateInstanceExtensionProperties | OpenXR-Loader] : RuntimeInterface::LoadRuntimes - failed to load a runtime
Error [GENERAL | xrEnumerateInstanceExtensionProperties | OpenXR-Loader] : Failed to find default runtime with RuntimeInterface::LoadRuntime()
Error [GENERAL | xrEnumerateInstanceExtensionProperties | OpenXR-Loader] : Failed querying extension properties
[XR] [0x7ff84548f180] [16:47:03.503][Error  ] xrEnumerateInstanceExtensionProperties: XR_ERROR_RUNTIME_UNAVAILABLE
Error [GENERAL | xrEnumerateInstanceExtensionProperties | OpenXR-Loader] : RuntimeManifestFile::FindManifestFiles - failed to determine active runtime file path for this environment
Error [GENERAL | xrEnumerateInstanceExtensionProperties | OpenXR-Loader] : RuntimeInterface::LoadRuntimes - unknown error
Error [GENERAL | xrEnumerateInstanceExtensionProperties | OpenXR-Loader] : RuntimeInterface::LoadRuntimes - failed to load a runtime
Error [GENERAL | xrEnumerateInstanceExtensionProperties | OpenXR-Loader] : Failed to find default runtime with RuntimeInterface::LoadRuntime()
Error [GENERAL | xrEnumerateInstanceExtensionProperties | OpenXR-Loader] : Failed querying extension properties
[XR] [0x7ff84548f180] [16:47:03.504][Error  ] xrEnumerateInstanceExtensionProperties: XR_ERROR_RUNTIME_UNAVAILABLE
Error [GENERAL | xrEnumerateInstanceExtensionProperties | OpenXR-Loader] : RuntimeManifestFile::FindManifestFiles - failed to determine active runtime file path for this environment
Error [GENERAL | xrEnumerateInstanceExtensionProperties | OpenXR-Loader] : RuntimeInterface::LoadRuntimes - unknown error
Error [GENERAL | xrEnumerateInstanceExtensionProperties | OpenXR-Loader] : RuntimeInterface::LoadRuntimes - failed to load a runtime
Error [GENERAL | xrEnumerateInstanceExtensionProperties | OpenXR-Loader] : Failed to find default runtime with RuntimeInterface::LoadRuntime()
Error [GENERAL | xrEnumerateInstanceExtensionProperties | OpenXR-Loader] : Failed querying extension properties
[XR] [0x7ff84548f180] [16:47:03.504][Error  ] xrEnumerateInstanceExtensionProperties: XR_ERROR_RUNTIME_UNAVAILABLE
Error [GENERAL | xrEnumerateInstanceExtensionProperties | OpenXR-Loader] : RuntimeManifestFile::FindManifestFiles - failed to determine active runtime file path for this environment
Error [GENERAL | xrEnumerateInstanceExtensionProperties | OpenXR-Loader] : RuntimeInterface::LoadRuntimes - unknown error
Error [GENERAL | xrEnumerateInstanceExtensionProperties | OpenXR-Loader] : RuntimeInterface::LoadRuntimes - failed to load a runtime
Error [GENERAL | xrEnumerateInstanceExtensionProperties | OpenXR-Loader] : Failed to find default runtime with RuntimeInterface::LoadRuntime()
Error [GENERAL | xrEnumerateInstanceExtensionProperties | OpenXR-Loader] : Failed querying extension properties
[XR] [0x7ff84548f180] [16:47:03.504][Error  ] xrEnumerateInstanceExtensionProperties: XR_ERROR_RUNTIME_UNAVAILABLE
Error [GENERAL | xrEnumerateInstanceExtensionProperties | OpenXR-Loader] : RuntimeManifestFile::FindManifestFiles - failed to determine active runtime file path for this environment
Error [GENERAL | xrEnumerateInstanceExtensionProperties | OpenXR-Loader] : RuntimeInterface::LoadRuntimes - unknown error
Error [GENERAL | xrEnumerateInstanceExtensionProperties | OpenXR-Loader] : RuntimeInterface::LoadRuntimes - failed to load a runtime
Error [GENERAL | xrEnumerateInstanceExtensionProperties | OpenXR-Loader] : Failed to find default runtime with RuntimeInterface::LoadRuntime()
Error [GENERAL | xrEnumerateInstanceExtensionProperties | OpenXR-Loader] : Failed querying extension properties
[XR] [0x7ff84548f180] [16:47:03.505][Error  ] xrEnumerateInstanceExtensionProperties: XR_ERROR_RUNTIME_UNAVAILABLE
Error [GENERAL | xrEnumerateInstanceExtensionProperties | OpenXR-Loader] : RuntimeManifestFile::FindManifestFiles - failed to determine active runtime file path for this environment
Error [GENERAL | xrEnumerateInstanceExtensionProperties | OpenXR-Loader] : RuntimeInterface::LoadRuntimes - unknown error
Error [GENERAL | xrEnumerateInstanceExtensionProperties | OpenXR-Loader] : RuntimeInterface::LoadRuntimes - failed to load a runtime
Error [GENERAL | xrEnumerateInstanceExtensionProperties | OpenXR-Loader] : Failed to find default runtime with RuntimeInterface::LoadRuntime()
Error [GENERAL | xrEnumerateInstanceExtensionProperties | OpenXR-Loader] : Failed querying extension properties
[XR] [0x7ff84548f180] [16:47:03.505][Error  ] xrEnumerateInstanceExtensionProperties: XR_ERROR_RUNTIME_UNAVAILABLE
Error [GENERAL | xrEnumerateInstanceExtensionProperties | OpenXR-Loader] : RuntimeManifestFile::FindManifestFiles - failed to determine active runtime file path for this environment
Error [GENERAL | xrEnumerateInstanceExtensionProperties | OpenXR-Loader] : RuntimeInterface::LoadRuntimes - unknown error
Error [GENERAL | xrEnumerateInstanceExtensionProperties | OpenXR-Loader] : RuntimeInterface::LoadRuntimes - failed to load a runtime
Error [GENERAL | xrEnumerateInstanceExtensionProperties | OpenXR-Loader] : Failed to find default runtime with RuntimeInterface::LoadRuntime()
Error [GENERAL | xrEnumerateInstanceExtensionProperties | OpenXR-Loader] : Failed querying extension properties
[XR] [0x7ff84548f180] [16:47:03.505][Error  ] xrEnumerateInstanceExtensionProperties: XR_ERROR_RUNTIME_UNAVAILABLE
Error [GENERAL | xrEnumerateInstanceExtensionProperties | OpenXR-Loader] : RuntimeManifestFile::FindManifestFiles - failed to determine active runtime file path for this environment
Error [GENERAL | xrEnumerateInstanceExtensionProperties | OpenXR-Loader] : RuntimeInterface::LoadRuntimes - unknown error
Error [GENERAL | xrEnumerateInstanceExtensionProperties | OpenXR-Loader] : RuntimeInterface::LoadRuntimes - failed to load a runtime
Error [GENERAL | xrEnumerateInstanceExtensionProperties | OpenXR-Loader] : Failed to find default runtime with RuntimeInterface::LoadRuntime()
Error [GENERAL | xrEnumerateInstanceExtensionProperties | OpenXR-Loader] : Failed querying extension properties
[XR] [0x7ff84548f180] [16:47:03.505][Error  ] xrEnumerateInstanceExtensionProperties: XR_ERROR_RUNTIME_UNAVAILABLE
Error [GENERAL | xrEnumerateInstanceExtensionProperties | OpenXR-Loader] : RuntimeManifestFile::FindManifestFiles - failed to determine active runtime file path for this environment
Error [GENERAL | xrEnumerateInstanceExtensionProperties | OpenXR-Loader] : RuntimeInterface::LoadRuntimes - unknown error
Error [GENERAL | xrEnumerateInstanceExtensionProperties | OpenXR-Loader] : RuntimeInterface::LoadRuntimes - failed to load a runtime
Error [GENERAL | xrEnumerateInstanceExtensionProperties | OpenXR-Loader] : Failed to find default runtime with RuntimeInterface::LoadRuntime()
Error [GENERAL | xrEnumerateInstanceExtensionProperties | OpenXR-Loader] : Failed querying extension properties
[XR] [0x7ff84548f180] [16:47:03.506][Error  ] xrEnumerateInstanceExtensionProperties: XR_ERROR_RUNTIME_UNAVAILABLE
Error [GENERAL | xrEnumerateInstanceExtensionProperties | OpenXR-Loader] : RuntimeManifestFile::FindManifestFiles - failed to determine active runtime file path for this environment
Error [GENERAL | xrEnumerateInstanceExtensionProperties | OpenXR-Loader] : RuntimeInterface::LoadRuntimes - unknown error
Error [GENERAL | xrEnumerateInstanceExtensionProperties | OpenXR-Loader] : RuntimeInterface::LoadRuntimes - failed to load a runtime
Error [GENERAL | xrEnumerateInstanceExtensionProperties | OpenXR-Loader] : Failed to find default runtime with RuntimeInterface::LoadRuntime()
Error [GENERAL | xrEnumerateInstanceExtensionProperties | OpenXR-Loader] : Failed querying extension properties
[XR] [0x7ff84548f180] [16:47:03.506][Error  ] xrEnumerateInstanceExtensionProperties: XR_ERROR_RUNTIME_UNAVAILABLE
Error [GENERAL | xrEnumerateInstanceExtensionProperties | OpenXR-Loader] : RuntimeManifestFile::FindManifestFiles - failed to determine active runtime file path for this environment
Error [GENERAL | xrEnumerateInstanceExtensionProperties | OpenXR-Loader] : RuntimeInterface::LoadRuntimes - unknown error
Error [GENERAL | xrEnumerateInstanceExtensionProperties | OpenXR-Loader] : RuntimeInterface::LoadRuntimes - failed to load a runtime
Error [GENERAL | xrEnumerateInstanceExtensionProperties | OpenXR-Loader] : Failed to find default runtime with RuntimeInterface::LoadRuntime()
Error [GENERAL | xrEnumerateInstanceExtensionProperties | OpenXR-Loader] : Failed querying extension properties
[XR] [0x7ff84548f180] [16:47:03.506][Error  ] xrEnumerateInstanceExtensionProperties: XR_ERROR_RUNTIME_UNAVAILABLE
Error [GENERAL | xrEnumerateInstanceExtensionProperties | OpenXR-Loader] : RuntimeManifestFile::FindManifestFiles - failed to determine active runtime file path for this environment
Error [GENERAL | xrEnumerateInstanceExtensionProperties | OpenXR-Loader] : RuntimeInterface::LoadRuntimes - unknown error
Error [GENERAL | xrEnumerateInstanceExtensionProperties | OpenXR-Loader] : RuntimeInterface::LoadRuntimes - failed to load a runtime
Error [GENERAL | xrEnumerateInstanceExtensionProperties | OpenXR-Loader] : Failed to find default runtime with RuntimeInterface::LoadRuntime()
Error [GENERAL | xrEnumerateInstanceExtensionProperties | OpenXR-Loader] : Failed querying extension properties
[XR] [0x7ff84548f180] [16:47:03.506][Error  ] xrEnumerateInstanceExtensionProperties: XR_ERROR_RUNTIME_UNAVAILABLE
Error [GENERAL | xrEnumerateInstanceExtensionProperties | OpenXR-Loader] : RuntimeManifestFile::FindManifestFiles - failed to determine active runtime file path for this environment
Error [GENERAL | xrEnumerateInstanceExtensionProperties | OpenXR-Loader] : RuntimeInterface::LoadRuntimes - unknown error
Error [GENERAL | xrEnumerateInstanceExtensionProperties | OpenXR-Loader] : RuntimeInterface::LoadRuntimes - failed to load a runtime
Error [GENERAL | xrEnumerateInstanceExtensionProperties | OpenXR-Loader] : Failed to find default runtime with RuntimeInterface::LoadRuntime()
Error [GENERAL | xrEnumerateInstanceExtensionProperties | OpenXR-Loader] : Failed querying extension properties
[XR] [0x7ff84548f180] [16:47:03.507][Error  ] xrEnumerateInstanceExtensionProperties: XR_ERROR_RUNTIME_UNAVAILABLE
Error [GENERAL | xrEnumerateInstanceExtensionProperties | OpenXR-Loader] : RuntimeManifestFile::FindManifestFiles - failed to determine active runtime file path for this environment
Error [GENERAL | xrEnumerateInstanceExtensionProperties | OpenXR-Loader] : RuntimeInterface::LoadRuntimes - unknown error
Error [GENERAL | xrEnumerateInstanceExtensionProperties | OpenXR-Loader] : RuntimeInterface::LoadRuntimes - failed to load a runtime
Error [GENERAL | xrEnumerateInstanceExtensionProperties | OpenXR-Loader] : Failed to find default runtime with RuntimeInterface::LoadRuntime()
Error [GENERAL | xrEnumerateInstanceExtensionProperties | OpenXR-Loader] : Failed querying extension properties
[XR] [0x7ff84548f180] [16:47:03.507][Error  ] xrEnumerateInstanceExtensionProperties: XR_ERROR_RUNTIME_UNAVAILABLE
Error [GENERAL | xrEnumerateInstanceExtensionProperties | OpenXR-Loader] : RuntimeManifestFile::FindManifestFiles - failed to determine active runtime file path for this environment
Error [GENERAL | xrEnumerateInstanceExtensionProperties | OpenXR-Loader] : RuntimeInterface::LoadRuntimes - unknown error
Error [GENERAL | xrEnumerateInstanceExtensionProperties | OpenXR-Loader] : RuntimeInterface::LoadRuntimes - failed to load a runtime
Error [GENERAL | xrEnumerateInstanceExtensionProperties | OpenXR-Loader] : Failed to find default runtime with RuntimeInterface::LoadRuntime()
Error [GENERAL | xrEnumerateInstanceExtensionProperties | OpenXR-Loader] : Failed querying extension properties
[XR] [0x7ff84548f180] [16:47:03.507][Error  ] xrEnumerateInstanceExtensionProperties: XR_ERROR_RUNTIME_UNAVAILABLE
Error [GENERAL | xrEnumerateInstanceExtensionProperties | OpenXR-Loader] : RuntimeManifestFile::FindManifestFiles - failed to determine active runtime file path for this environment
Error [GENERAL | xrEnumerateInstanceExtensionProperties | OpenXR-Loader] : RuntimeInterface::LoadRuntimes - unknown error
Error [GENERAL | xrEnumerateInstanceExtensionProperties | OpenXR-Loader] : RuntimeInterface::LoadRuntimes - failed to load a runtime
Error [GENERAL | xrEnumerateInstanceExtensionProperties | OpenXR-Loader] : Failed to find default runtime with RuntimeInterface::LoadRuntime()
Error [GENERAL | xrEnumerateInstanceExtensionProperties | OpenXR-Loader] : Failed querying extension properties
[XR] [0x7ff84548f180] [16:47:03.507][Error  ] xrEnumerateInstanceExtensionProperties: XR_ERROR_RUNTIME_UNAVAILABLE
Error [GENERAL | xrEnumerateInstanceExtensionProperties | OpenXR-Loader] : RuntimeManifestFile::FindManifestFiles - failed to determine active runtime file path for this environment
Error [GENERAL | xrEnumerateInstanceExtensionProperties | OpenXR-Loader] : RuntimeInterface::LoadRuntimes - unknown error
Error [GENERAL | xrEnumerateInstanceExtensionProperties | OpenXR-Loader] : RuntimeInterface::LoadRuntimes - failed to load a runtime
Error [GENERAL | xrEnumerateInstanceExtensionProperties | OpenXR-Loader] : Failed to find default runtime with RuntimeInterface::LoadRuntime()
Error [GENERAL | xrEnumerateInstanceExtensionProperties | OpenXR-Loader] : Failed querying extension properties
[XR] [0x7ff84548f180] [16:47:03.508][Error  ] xrEnumerateInstanceExtensionProperties: XR_ERROR_RUNTIME_UNAVAILABLE
Error [GENERAL | xrEnumerateInstanceExtensionProperties | OpenXR-Loader] : RuntimeManifestFile::FindManifestFiles - failed to determine active runtime file path for this environment
Error [GENERAL | xrEnumerateInstanceExtensionProperties | OpenXR-Loader] : RuntimeInterface::LoadRuntimes - unknown error
Error [GENERAL | xrEnumerateInstanceExtensionProperties | OpenXR-Loader] : RuntimeInterface::LoadRuntimes - failed to load a runtime
Error [GENERAL | xrEnumerateInstanceExtensionProperties | OpenXR-Loader] : Failed to find default runtime with RuntimeInterface::LoadRuntime()
Error [GENERAL | xrEnumerateInstanceExtensionProperties | OpenXR-Loader] : Failed querying extension properties
[XR] [0x7ff84548f180] [16:47:03.508][Error  ] xrEnumerateInstanceExtensionProperties: XR_ERROR_RUNTIME_UNAVAILABLE
Error [GENERAL | xrEnumerateInstanceExtensionProperties | OpenXR-Loader] : RuntimeManifestFile::FindManifestFiles - failed to determine active runtime file path for this environment
Error [GENERAL | xrEnumerateInstanceExtensionProperties | OpenXR-Loader] : RuntimeInterface::LoadRuntimes - unknown error
Error [GENERAL | xrEnumerateInstanceExtensionProperties | OpenXR-Loader] : RuntimeInterface::LoadRuntimes - failed to load a runtime
Error [GENERAL | xrEnumerateInstanceExtensionProperties | OpenXR-Loader] : Failed to find default runtime with RuntimeInterface::LoadRuntime()
Error [GENERAL | xrEnumerateInstanceExtensionProperties | OpenXR-Loader] : Failed querying extension properties
[XR] [0x7ff84548f180] [16:47:03.508][Error  ] xrEnumerateInstanceExtensionProperties: XR_ERROR_RUNTIME_UNAVAILABLE
Error [GENERAL | xrEnumerateInstanceExtensionProperties | OpenXR-Loader] : RuntimeManifestFile::FindManifestFiles - failed to determine active runtime file path for this environment
Error [GENERAL | xrEnumerateInstanceExtensionProperties | OpenXR-Loader] : RuntimeInterface::LoadRuntimes - unknown error
Error [GENERAL | xrEnumerateInstanceExtensionProperties | OpenXR-Loader] : RuntimeInterface::LoadRuntimes - failed to load a runtime
Error [GENERAL | xrEnumerateInstanceExtensionProperties | OpenXR-Loader] : Failed to find default runtime with RuntimeInterface::LoadRuntime()
Error [GENERAL | xrEnumerateInstanceExtensionProperties | OpenXR-Loader] : Failed querying extension properties
[XR] [0x7ff84548f180] [16:47:03.509][Error  ] xrEnumerateInstanceExtensionProperties: XR_ERROR_RUNTIME_UNAVAILABLE
Error [GENERAL | xrEnumerateInstanceExtensionProperties | OpenXR-Loader] : RuntimeManifestFile::FindManifestFiles - failed to determine active runtime file path for this environment
Error [GENERAL | xrEnumerateInstanceExtensionProperties | OpenXR-Loader] : RuntimeInterface::LoadRuntimes - unknown error
Error [GENERAL | xrEnumerateInstanceExtensionProperties | OpenXR-Loader] : RuntimeInterface::LoadRuntimes - failed to load a runtime
Error [GENERAL | xrEnumerateInstanceExtensionProperties | OpenXR-Loader] : Failed to find default runtime with RuntimeInterface::LoadRuntime()
Error [GENERAL | xrEnumerateInstanceExtensionProperties | OpenXR-Loader] : Failed querying extension properties
[XR] [0x7ff84548f180] [16:47:03.509][Error  ] xrEnumerateInstanceExtensionProperties: XR_ERROR_RUNTIME_UNAVAILABLE
Error [GENERAL | xrEnumerateInstanceExtensionProperties | OpenXR-Loader] : RuntimeManifestFile::FindManifestFiles - failed to determine active runtime file path for this environment
Error [GENERAL | xrEnumerateInstanceExtensionProperties | OpenXR-Loader] : RuntimeInterface::LoadRuntimes - unknown error
Error [GENERAL | xrEnumerateInstanceExtensionProperties | OpenXR-Loader] : RuntimeInterface::LoadRuntimes - failed to load a runtime
Error [GENERAL | xrEnumerateInstanceExtensionProperties | OpenXR-Loader] : Failed to find default runtime with RuntimeInterface::LoadRuntime()
Error [GENERAL | xrEnumerateInstanceExtensionProperties | OpenXR-Loader] : Failed querying extension properties
[XR] [0x7ff84548f180] [16:47:03.509][Error  ] xrEnumerateInstanceExtensionProperties: XR_ERROR_RUNTIME_UNAVAILABLE
Error [GENERAL | xrEnumerateInstanceExtensionProperties | OpenXR-Loader] : RuntimeManifestFile::FindManifestFiles - failed to determine active runtime file path for this environment
Error [GENERAL | xrEnumerateInstanceExtensionProperties | OpenXR-Loader] : RuntimeInterface::LoadRuntimes - unknown error
Error [GENERAL | xrEnumerateInstanceExtensionProperties | OpenXR-Loader] : RuntimeInterface::LoadRuntimes - failed to load a runtime
Error [GENERAL | xrEnumerateInstanceExtensionProperties | OpenXR-Loader] : Failed to find default runtime with RuntimeInterface::LoadRuntime()
Error [GENERAL | xrEnumerateInstanceExtensionProperties | OpenXR-Loader] : Failed querying extension properties
[XR] [0x7ff84548f180] [16:47:03.509][Error  ] xrEnumerateInstanceExtensionProperties: XR_ERROR_RUNTIME_UNAVAILABLE
Error [GENERAL | xrEnumerateInstanceExtensionProperties | OpenXR-Loader] : RuntimeManifestFile::FindManifestFiles - failed to determine active runtime file path for this environment
Error [GENERAL | xrEnumerateInstanceExtensionProperties | OpenXR-Loader] : RuntimeInterface::LoadRuntimes - unknown error
Error [GENERAL | xrEnumerateInstanceExtensionProperties | OpenXR-Loader] : RuntimeInterface::LoadRuntimes - failed to load a runtime
Error [GENERAL | xrEnumerateInstanceExtensionProperties | OpenXR-Loader] : Failed to find default runtime with RuntimeInterface::LoadRuntime()
Error [GENERAL | xrEnumerateInstanceExtensionProperties | OpenXR-Loader] : Failed querying extension properties
[XR] [0x7ff84548f180] [16:47:03.510][Error  ] xrEnumerateInstanceExtensionProperties: XR_ERROR_RUNTIME_UNAVAILABLE
Error [GENERAL | xrEnumerateInstanceExtensionProperties | OpenXR-Loader] : RuntimeManifestFile::FindManifestFiles - failed to determine active runtime file path for this environment
Error [GENERAL | xrEnumerateInstanceExtensionProperties | OpenXR-Loader] : RuntimeInterface::LoadRuntimes - unknown error
Error [GENERAL | xrEnumerateInstanceExtensionProperties | OpenXR-Loader] : RuntimeInterface::LoadRuntimes - failed to load a runtime
Error [GENERAL | xrEnumerateInstanceExtensionProperties | OpenXR-Loader] : Failed to find default runtime with RuntimeInterface::LoadRuntime()
Error [GENERAL | xrEnumerateInstanceExtensionProperties | OpenXR-Loader] : Failed querying extension properties
[XR] [0x7ff84548f180] [16:47:03.510][Error  ] xrEnumerateInstanceExtensionProperties: XR_ERROR_RUNTIME_UNAVAILABLE
Error [GENERAL | xrEnumerateInstanceExtensionProperties | OpenXR-Loader] : RuntimeManifestFile::FindManifestFiles - failed to determine active runtime file path for this environment
Error [GENERAL | xrEnumerateInstanceExtensionProperties | OpenXR-Loader] : RuntimeInterface::LoadRuntimes - unknown error
Error [GENERAL | xrEnumerateInstanceExtensionProperties | OpenXR-Loader] : RuntimeInterface::LoadRuntimes - failed to load a runtime
Error [GENERAL | xrEnumerateInstanceExtensionProperties | OpenXR-Loader] : Failed to find default runtime with RuntimeInterface::LoadRuntime()
Error [GENERAL | xrEnumerateInstanceExtensionProperties | OpenXR-Loader] : Failed querying extension properties
[XR] [0x7ff84548f180] [16:47:03.510][Error  ] xrEnumerateInstanceExtensionProperties: XR_ERROR_RUNTIME_UNAVAILABLE
Error [GENERAL | xrEnumerateInstanceExtensionProperties | OpenXR-Loader] : RuntimeManifestFile::FindManifestFiles - failed to determine active runtime file path for this environment
Error [GENERAL | xrEnumerateInstanceExtensionProperties | OpenXR-Loader] : RuntimeInterface::LoadRuntimes - unknown error
Error [GENERAL | xrEnumerateInstanceExtensionProperties | OpenXR-Loader] : RuntimeInterface::LoadRuntimes - failed to load a runtime
Error [GENERAL | xrEnumerateInstanceExtensionProperties | OpenXR-Loader] : Failed to find default runtime with RuntimeInterface::LoadRuntime()
Error [GENERAL | xrEnumerateInstanceExtensionProperties | OpenXR-Loader] : Failed querying extension properties
[XR] [0x7ff84548f180] [16:47:03.511][Error  ] xrEnumerateInstanceExtensionProperties: XR_ERROR_RUNTIME_UNAVAILABLE
Error [GENERAL | xrEnumerateInstanceExtensionProperties | OpenXR-Loader] : RuntimeManifestFile::FindManifestFiles - failed to determine active runtime file path for this environment
Error [GENERAL | xrEnumerateInstanceExtensionProperties | OpenXR-Loader] : RuntimeInterface::LoadRuntimes - unknown error
Error [GENERAL | xrEnumerateInstanceExtensionProperties | OpenXR-Loader] : RuntimeInterface::LoadRuntimes - failed to load a runtime
Error [GENERAL | xrEnumerateInstanceExtensionProperties | OpenXR-Loader] : Failed to find default runtime with RuntimeInterface::LoadRuntime()
Error [GENERAL | xrEnumerateInstanceExtensionProperties | OpenXR-Loader] : Failed querying extension properties
[XR] [0x7ff84548f180] [16:47:03.511][Error  ] xrEnumerateInstanceExtensionProperties: XR_ERROR_RUNTIME_UNAVAILABLE
Error [GENERAL | xrEnumerateInstanceExtensionProperties | OpenXR-Loader] : RuntimeManifestFile::FindManifestFiles - failed to determine active runtime file path for this environment
Error [GENERAL | xrEnumerateInstanceExtensionProperties | OpenXR-Loader] : RuntimeInterface::LoadRuntimes - unknown error
Error [GENERAL | xrEnumerateInstanceExtensionProperties | OpenXR-Loader] : RuntimeInterface::LoadRuntimes - failed to load a runtime
Error [GENERAL | xrEnumerateInstanceExtensionProperties | OpenXR-Loader] : Failed to find default runtime with RuntimeInterface::LoadRuntime()
Error [GENERAL | xrEnumerateInstanceExtensionProperties | OpenXR-Loader] : Failed querying extension properties
[XR] [0x7ff84548f180] [16:47:03.511][Error  ] xrEnumerateInstanceExtensionProperties: XR_ERROR_RUNTIME_UNAVAILABLE
Error [GENERAL | xrEnumerateInstanceExtensionProperties | OpenXR-Loader] : RuntimeManifestFile::FindManifestFiles - failed to determine active runtime file path for this environment
Error [GENERAL | xrEnumerateInstanceExtensionProperties | OpenXR-Loader] : RuntimeInterface::LoadRuntimes - unknown error
Error [GENERAL | xrEnumerateInstanceExtensionProperties | OpenXR-Loader] : RuntimeInterface::LoadRuntimes - failed to load a runtime
Error [GENERAL | xrEnumerateInstanceExtensionProperties | OpenXR-Loader] : Failed to find default runtime with RuntimeInterface::LoadRuntime()
Error [GENERAL | xrEnumerateInstanceExtensionProperties | OpenXR-Loader] : Failed querying extension properties
[XR] [0x7ff84548f180] [16:47:03.511][Error  ] xrEnumerateInstanceExtensionProperties: XR_ERROR_RUNTIME_UNAVAILABLE
Error [GENERAL | xrEnumerateInstanceExtensionProperties | OpenXR-Loader] : RuntimeManifestFile::FindManifestFiles - failed to determine active runtime file path for this environment
Error [GENERAL | xrEnumerateInstanceExtensionProperties | OpenXR-Loader] : RuntimeInterface::LoadRuntimes - unknown error
Error [GENERAL | xrEnumerateInstanceExtensionProperties | OpenXR-Loader] : RuntimeInterface::LoadRuntimes - failed to load a runtime
Error [GENERAL | xrEnumerateInstanceExtensionProperties | OpenXR-Loader] : Failed to find default runtime with RuntimeInterface::LoadRuntime()
Error [GENERAL | xrEnumerateInstanceExtensionProperties | OpenXR-Loader] : Failed querying extension properties
[XR] [0x7ff84548f180] [16:47:03.512][Error  ] xrEnumerateInstanceExtensionProperties: XR_ERROR_RUNTIME_UNAVAILABLE
Error [GENERAL | xrEnumerateInstanceExtensionProperties | OpenXR-Loader] : RuntimeManifestFile::FindManifestFiles - failed to determine active runtime file path for this environment
Error [GENERAL | xrEnumerateInstanceExtensionProperties | OpenXR-Loader] : RuntimeInterface::LoadRuntimes - unknown error
Error [GENERAL | xrEnumerateInstanceExtensionProperties | OpenXR-Loader] : RuntimeInterface::LoadRuntimes - failed to load a runtime
Error [GENERAL | xrEnumerateInstanceExtensionProperties | OpenXR-Loader] : Failed to find default runtime with RuntimeInterface::LoadRuntime()
Error [GENERAL | xrEnumerateInstanceExtensionProperties | OpenXR-Loader] : Failed querying extension properties
[XR] [0x7ff84548f180] [16:47:03.512][Error  ] xrEnumerateInstanceExtensionProperties: XR_ERROR_RUNTIME_UNAVAILABLE
Error [GENERAL | xrEnumerateInstanceExtensionProperties | OpenXR-Loader] : RuntimeManifestFile::FindManifestFiles - failed to determine active runtime file path for this environment
Error [GENERAL | xrEnumerateInstanceExtensionProperties | OpenXR-Loader] : RuntimeInterface::LoadRuntimes - unknown error
Error [GENERAL | xrEnumerateInstanceExtensionProperties | OpenXR-Loader] : RuntimeInterface::LoadRuntimes - failed to load a runtime
Error [GENERAL | xrEnumerateInstanceExtensionProperties | OpenXR-Loader] : Failed to find default runtime with RuntimeInterface::LoadRuntime()
Error [GENERAL | xrEnumerateInstanceExtensionProperties | OpenXR-Loader] : Failed querying extension properties
[XR] [0x7ff84548f180] [16:47:03.512][Error  ] xrEnumerateInstanceExtensionProperties: XR_ERROR_RUNTIME_UNAVAILABLE
Error [GENERAL | xrEnumerateInstanceExtensionProperties | OpenXR-Loader] : RuntimeManifestFile::FindManifestFiles - failed to determine active runtime file path for this environment
Error [GENERAL | xrEnumerateInstanceExtensionProperties | OpenXR-Loader] : RuntimeInterface::LoadRuntimes - unknown error
Error [GENERAL | xrEnumerateInstanceExtensionProperties | OpenXR-Loader] : RuntimeInterface::LoadRuntimes - failed to load a runtime
Error [GENERAL | xrEnumerateInstanceExtensionProperties | OpenXR-Loader] : Failed to find default runtime with RuntimeInterface::LoadRuntime()
Error [GENERAL | xrEnumerateInstanceExtensionProperties | OpenXR-Loader] : Failed querying extension properties
[XR] [0x7ff84548f180] [16:47:03.512][Error  ] xrEnumerateInstanceExtensionProperties: XR_ERROR_RUNTIME_UNAVAILABLE
Error [GENERAL | xrEnumerateInstanceExtensionProperties | OpenXR-Loader] : RuntimeManifestFile::FindManifestFiles - failed to determine active runtime file path for this environment
Error [GENERAL | xrEnumerateInstanceExtensionProperties | OpenXR-Loader] : RuntimeInterface::LoadRuntimes - unknown error
Error [GENERAL | xrEnumerateInstanceExtensionProperties | OpenXR-Loader] : RuntimeInterface::LoadRuntimes - failed to load a runtime
Error [GENERAL | xrEnumerateInstanceExtensionProperties | OpenXR-Loader] : Failed to find default runtime with RuntimeInterface::LoadRuntime()
Error [GENERAL | xrEnumerateInstanceExtensionProperties | OpenXR-Loader] : Failed querying extension properties
[XR] [0x7ff84548f180] [16:47:03.513][Error  ] xrEnumerateInstanceExtensionProperties: XR_ERROR_RUNTIME_UNAVAILABLE
Error [GENERAL | xrEnumerateInstanceExtensionProperties | OpenXR-Loader] : RuntimeManifestFile::FindManifestFiles - failed to determine active runtime file path for this environment
Error [GENERAL | xrEnumerateInstanceExtensionProperties | OpenXR-Loader] : RuntimeInterface::LoadRuntimes - unknown error
Error [GENERAL | xrEnumerateInstanceExtensionProperties | OpenXR-Loader] : RuntimeInterface::LoadRuntimes - failed to load a runtime
Error [GENERAL | xrEnumerateInstanceExtensionProperties | OpenXR-Loader] : Failed to find default runtime with RuntimeInterface::LoadRuntime()
Error [GENERAL | xrEnumerateInstanceExtensionProperties | OpenXR-Loader] : Failed querying extension properties
[XR] [0x7ff84548f180] [16:47:03.513][Error  ] xrEnumerateInstanceExtensionProperties: XR_ERROR_RUNTIME_UNAVAILABLE
Error [GENERAL | xrEnumerateInstanceExtensionProperties | OpenXR-Loader] : RuntimeManifestFile::FindManifestFiles - failed to determine active runtime file path for this environment
Error [GENERAL | xrEnumerateInstanceExtensionProperties | OpenXR-Loader] : RuntimeInterface::LoadRuntimes - unknown error
Error [GENERAL | xrEnumerateInstanceExtensionProperties | OpenXR-Loader] : RuntimeInterface::LoadRuntimes - failed to load a runtime
Error [GENERAL | xrEnumerateInstanceExtensionProperties | OpenXR-Loader] : Failed to find default runtime with RuntimeInterface::LoadRuntime()
Error [GENERAL | xrEnumerateInstanceExtensionProperties | OpenXR-Loader] : Failed querying extension properties
[XR] [0x7ff84548f180] [16:47:03.513][Error  ] xrEnumerateInstanceExtensionProperties: XR_ERROR_RUNTIME_UNAVAILABLE
Error [GENERAL | xrEnumerateInstanceExtensionProperties | OpenXR-Loader] : RuntimeManifestFile::FindManifestFiles - failed to determine active runtime file path for this environment
Error [GENERAL | xrEnumerateInstanceExtensionProperties | OpenXR-Loader] : RuntimeInterface::LoadRuntimes - unknown error
Error [GENERAL | xrEnumerateInstanceExtensionProperties | OpenXR-Loader] : RuntimeInterface::LoadRuntimes - failed to load a runtime
Error [GENERAL | xrEnumerateInstanceExtensionProperties | OpenXR-Loader] : Failed to find default runtime with RuntimeInterface::LoadRuntime()
Error [GENERAL | xrEnumerateInstanceExtensionProperties | OpenXR-Loader] : Failed querying extension properties
[XR] [0x7ff84548f180] [16:47:03.514][Error  ] xrEnumerateInstanceExtensionProperties: XR_ERROR_RUNTIME_UNAVAILABLE
Error [GENERAL | xrEnumerateInstanceExtensionProperties | OpenXR-Loader] : RuntimeManifestFile::FindManifestFiles - failed to determine active runtime file path for this environment
Error [GENERAL | xrEnumerateInstanceExtensionProperties | OpenXR-Loader] : RuntimeInterface::LoadRuntimes - unknown error
Error [GENERAL | xrEnumerateInstanceExtensionProperties | OpenXR-Loader] : RuntimeInterface::LoadRuntimes - failed to load a runtime
Error [GENERAL | xrEnumerateInstanceExtensionProperties | OpenXR-Loader] : Failed to find default runtime with RuntimeInterface::LoadRuntime()
Error [GENERAL | xrEnumerateInstanceExtensionProperties | OpenXR-Loader] : Failed querying extension properties
[XR] [0x7ff84548f180] [16:47:03.514][Error  ] xrEnumerateInstanceExtensionProperties: XR_ERROR_RUNTIME_UNAVAILABLE
Error [GENERAL | xrEnumerateInstanceExtensionProperties | OpenXR-Loader] : RuntimeManifestFile::FindManifestFiles - failed to determine active runtime file path for this environment
Error [GENERAL | xrEnumerateInstanceExtensionProperties | OpenXR-Loader] : RuntimeInterface::LoadRuntimes - unknown error
Error [GENERAL | xrEnumerateInstanceExtensionProperties | OpenXR-Loader] : RuntimeInterface::LoadRuntimes - failed to load a runtime
Error [GENERAL | xrEnumerateInstanceExtensionProperties | OpenXR-Loader] : Failed to find default runtime with RuntimeInterface::LoadRuntime()
Error [GENERAL | xrEnumerateInstanceExtensionProperties | OpenXR-Loader] : Failed querying extension properties
[XR] [0x7ff84548f180] [16:47:03.514][Error  ] xrEnumerateInstanceExtensionProperties: XR_ERROR_RUNTIME_UNAVAILABLE
Error [GENERAL | xrEnumerateInstanceExtensionProperties | OpenXR-Loader] : RuntimeManifestFile::FindManifestFiles - failed to determine active runtime file path for this environment
Error [GENERAL | xrEnumerateInstanceExtensionProperties | OpenXR-Loader] : RuntimeInterface::LoadRuntimes - unknown error
Error [GENERAL | xrEnumerateInstanceExtensionProperties | OpenXR-Loader] : RuntimeInterface::LoadRuntimes - failed to load a runtime
Error [GENERAL | xrEnumerateInstanceExtensionProperties | OpenXR-Loader] : Failed to find default runtime with RuntimeInterface::LoadRuntime()
Error [GENERAL | xrEnumerateInstanceExtensionProperties | OpenXR-Loader] : Failed querying extension properties
[XR] [0x7ff84548f180] [16:47:03.514][Error  ] xrEnumerateInstanceExtensionProperties: XR_ERROR_RUNTIME_UNAVAILABLE
Error [GENERAL | xrEnumerateInstanceExtensionProperties | OpenXR-Loader] : RuntimeManifestFile::FindManifestFiles - failed to determine active runtime file path for this environment
Error [GENERAL | xrEnumerateInstanceExtensionProperties | OpenXR-Loader] : RuntimeInterface::LoadRuntimes - unknown error
Error [GENERAL | xrEnumerateInstanceExtensionProperties | OpenXR-Loader] : RuntimeInterface::LoadRuntimes - failed to load a runtime
Error [GENERAL | xrEnumerateInstanceExtensionProperties | OpenXR-Loader] : Failed to find default runtime with RuntimeInterface::LoadRuntime()
Error [GENERAL | xrEnumerateInstanceExtensionProperties | OpenXR-Loader] : Failed querying extension properties
[XR] [0x7ff84548f180] [16:47:03.515][Error  ] xrEnumerateInstanceExtensionProperties: XR_ERROR_RUNTIME_UNAVAILABLE
Error [GENERAL | xrEnumerateInstanceExtensionProperties | OpenXR-Loader] : RuntimeManifestFile::FindManifestFiles - failed to determine active runtime file path for this environment
Error [GENERAL | xrEnumerateInstanceExtensionProperties | OpenXR-Loader] : RuntimeInterface::LoadRuntimes - unknown error
Error [GENERAL | xrEnumerateInstanceExtensionProperties | OpenXR-Loader] : RuntimeInterface::LoadRuntimes - failed to load a runtime
Error [GENERAL | xrEnumerateInstanceExtensionProperties | OpenXR-Loader] : Failed to find default runtime with RuntimeInterface::LoadRuntime()
Error [GENERAL | xrEnumerateInstanceExtensionProperties | OpenXR-Loader] : Failed querying extension properties
[XR] [0x7ff84548f180] [16:47:03.515][Error  ] xrEnumerateInstanceExtensionProperties: XR_ERROR_RUNTIME_UNAVAILABLE
Error [GENERAL | xrEnumerateInstanceExtensionProperties | OpenXR-Loader] : RuntimeManifestFile::FindManifestFiles - failed to determine active runtime file path for this environment
Error [GENERAL | xrEnumerateInstanceExtensionProperties | OpenXR-Loader] : RuntimeInterface::LoadRuntimes - unknown error
Error [GENERAL | xrEnumerateInstanceExtensionProperties | OpenXR-Loader] : RuntimeInterface::LoadRuntimes - failed to load a runtime
Error [GENERAL | xrEnumerateInstanceExtensionProperties | OpenXR-Loader] : Failed to find default runtime with RuntimeInterface::LoadRuntime()
Error [GENERAL | xrEnumerateInstanceExtensionProperties | OpenXR-Loader] : Failed querying extension properties
[XR] [0x7ff84548f180] [16:47:03.515][Error  ] xrEnumerateInstanceExtensionProperties: XR_ERROR_RUNTIME_UNAVAILABLE
Error [GENERAL | xrEnumerateInstanceExtensionProperties | OpenXR-Loader] : RuntimeManifestFile::FindManifestFiles - failed to determine active runtime file path for this environment
Error [GENERAL | xrEnumerateInstanceExtensionProperties | OpenXR-Loader] : RuntimeInterface::LoadRuntimes - unknown error
Error [GENERAL | xrEnumerateInstanceExtensionProperties | OpenXR-Loader] : RuntimeInterface::LoadRuntimes - failed to load a runtime
Error [GENERAL | xrEnumerateInstanceExtensionProperties | OpenXR-Loader] : Failed to find default runtime with RuntimeInterface::LoadRuntime()
Error [GENERAL | xrEnumerateInstanceExtensionProperties | OpenXR-Loader] : Failed querying extension properties
[XR] [0x7ff84548f180] [16:47:03.515][Error  ] xrEnumerateInstanceExtensionProperties: XR_ERROR_RUNTIME_UNAVAILABLE
Error [GENERAL | xrEnumerateInstanceExtensionProperties | OpenXR-Loader] : RuntimeManifestFile::FindManifestFiles - failed to determine active runtime file path for this environment
Error [GENERAL | xrEnumerateInstanceExtensionProperties | OpenXR-Loader] : RuntimeInterface::LoadRuntimes - unknown error
Error [GENERAL | xrEnumerateInstanceExtensionProperties | OpenXR-Loader] : RuntimeInterface::LoadRuntimes - failed to load a runtime
Error [GENERAL | xrEnumerateInstanceExtensionProperties | OpenXR-Loader] : Failed to find default runtime with RuntimeInterface::LoadRuntime()
Error [GENERAL | xrEnumerateInstanceExtensionProperties | OpenXR-Loader] : Failed querying extension properties
[XR] [0x7ff84548f180] [16:47:03.516][Error  ] xrEnumerateInstanceExtensionProperties: XR_ERROR_RUNTIME_UNAVAILABLE
Error [GENERAL | xrEnumerateInstanceExtensionProperties | OpenXR-Loader] : RuntimeManifestFile::FindManifestFiles - failed to determine active runtime file path for this environment
Error [GENERAL | xrEnumerateInstanceExtensionProperties | OpenXR-Loader] : RuntimeInterface::LoadRuntimes - unknown error
Error [GENERAL | xrEnumerateInstanceExtensionProperties | OpenXR-Loader] : RuntimeInterface::LoadRuntimes - failed to load a runtime
Error [GENERAL | xrEnumerateInstanceExtensionProperties | OpenXR-Loader] : Failed to find default runtime with RuntimeInterface::LoadRuntime()
Error [GENERAL | xrEnumerateInstanceExtensionProperties | OpenXR-Loader] : Failed querying extension properties
[XR] [0x7ff84548f180] [16:47:03.516][Error  ] xrEnumerateInstanceExtensionProperties: XR_ERROR_RUNTIME_UNAVAILABLE
Error [GENERAL | xrEnumerateInstanceExtensionProperties | OpenXR-Loader] : RuntimeManifestFile::FindManifestFiles - failed to determine active runtime file path for this environment
Error [GENERAL | xrEnumerateInstanceExtensionProperties | OpenXR-Loader] : RuntimeInterface::LoadRuntimes - unknown error
Error [GENERAL | xrEnumerateInstanceExtensionProperties | OpenXR-Loader] : RuntimeInterface::LoadRuntimes - failed to load a runtime
Error [GENERAL | xrEnumerateInstanceExtensionProperties | OpenXR-Loader] : Failed to find default runtime with RuntimeInterface::LoadRuntime()
Error [GENERAL | xrEnumerateInstanceExtensionProperties | OpenXR-Loader] : Failed querying extension properties
[XR] [0x7ff84548f180] [16:47:03.516][Error  ] xrEnumerateInstanceExtensionProperties: XR_ERROR_RUNTIME_UNAVAILABLE
Error [GENERAL | xrEnumerateInstanceExtensionProperties | OpenXR-Loader] : RuntimeManifestFile::FindManifestFiles - failed to determine active runtime file path for this environment
Error [GENERAL | xrEnumerateInstanceExtensionProperties | OpenXR-Loader] : RuntimeInterface::LoadRuntimes - unknown error
Error [GENERAL | xrEnumerateInstanceExtensionProperties | OpenXR-Loader] : RuntimeInterface::LoadRuntimes - failed to load a runtime
Error [GENERAL | xrEnumerateInstanceExtensionProperties | OpenXR-Loader] : Failed to find default runtime with RuntimeInterface::LoadRuntime()
Error [GENERAL | xrEnumerateInstanceExtensionProperties | OpenXR-Loader] : Failed querying extension properties
[XR] [0x7ff84548f180] [16:47:03.517][Error  ] xrEnumerateInstanceExtensionProperties: XR_ERROR_RUNTIME_UNAVAILABLE
Error [GENERAL | xrEnumerateInstanceExtensionProperties | OpenXR-Loader] : RuntimeManifestFile::FindManifestFiles - failed to determine active runtime file path for this environment
Error [GENERAL | xrEnumerateInstanceExtensionProperties | OpenXR-Loader] : RuntimeInterface::LoadRuntimes - unknown error
Error [GENERAL | xrEnumerateInstanceExtensionProperties | OpenXR-Loader] : RuntimeInterface::LoadRuntimes - failed to load a runtime
Error [GENERAL | xrEnumerateInstanceExtensionProperties | OpenXR-Loader] : Failed to find default runtime with RuntimeInterface::LoadRuntime()
Error [GENERAL | xrEnumerateInstanceExtensionProperties | OpenXR-Loader] : Failed querying extension properties
[XR] [0x7ff84548f180] [16:47:03.517][Error  ] xrEnumerateInstanceExtensionProperties: XR_ERROR_RUNTIME_UNAVAILABLE
Error [GENERAL | xrEnumerateInstanceExtensionProperties | OpenXR-Loader] : RuntimeManifestFile::FindManifestFiles - failed to determine active runtime file path for this environment
Error [GENERAL | xrEnumerateInstanceExtensionProperties | OpenXR-Loader] : RuntimeInterface::LoadRuntimes - unknown error
Error [GENERAL | xrEnumerateInstanceExtensionProperties | OpenXR-Loader] : RuntimeInterface::LoadRuntimes - failed to load a runtime
Error [GENERAL | xrEnumerateInstanceExtensionProperties | OpenXR-Loader] : Failed to find default runtime with RuntimeInterface::LoadRuntime()
Error [GENERAL | xrEnumerateInstanceExtensionProperties | OpenXR-Loader] : Failed querying extension properties
[XR] [0x7ff84548f180] [16:47:03.517][Error  ] xrEnumerateInstanceExtensionProperties: XR_ERROR_RUNTIME_UNAVAILABLE
Error [GENERAL | xrEnumerateInstanceExtensionProperties | OpenXR-Loader] : RuntimeManifestFile::FindManifestFiles - failed to determine active runtime file path for this environment
Error [GENERAL | xrEnumerateInstanceExtensionProperties | OpenXR-Loader] : RuntimeInterface::LoadRuntimes - unknown error
Error [GENERAL | xrEnumerateInstanceExtensionProperties | OpenXR-Loader] : RuntimeInterface::LoadRuntimes - failed to load a runtime
Error [GENERAL | xrEnumerateInstanceExtensionProperties | OpenXR-Loader] : Failed to find default runtime with RuntimeInterface::LoadRuntime()
Error [GENERAL | xrEnumerateInstanceExtensionProperties | OpenXR-Loader] : Failed querying extension properties
[XR] [0x7ff84548f180] [16:47:03.518][Error  ] xrEnumerateInstanceExtensionProperties: XR_ERROR_RUNTIME_UNAVAILABLE
Error [GENERAL | xrEnumerateInstanceExtensionProperties | OpenXR-Loader] : RuntimeManifestFile::FindManifestFiles - failed to determine active runtime file path for this environment
Error [GENERAL | xrEnumerateInstanceExtensionProperties | OpenXR-Loader] : RuntimeInterface::LoadRuntimes - unknown error
Error [GENERAL | xrEnumerateInstanceExtensionProperties | OpenXR-Loader] : RuntimeInterface::LoadRuntimes - failed to load a runtime
Error [GENERAL | xrEnumerateInstanceExtensionProperties | OpenXR-Loader] : Failed to find default runtime with RuntimeInterface::LoadRuntime()
Error [GENERAL | xrEnumerateInstanceExtensionProperties | OpenXR-Loader] : Failed querying extension properties
[XR] [0x7ff84548f180] [16:47:03.518][Error  ] xrEnumerateInstanceExtensionProperties: XR_ERROR_RUNTIME_UNAVAILABLE
Error [GENERAL | xrEnumerateInstanceExtensionProperties | OpenXR-Loader] : RuntimeManifestFile::FindManifestFiles - failed to determine active runtime file path for this environment
Error [GENERAL | xrEnumerateInstanceExtensionProperties | OpenXR-Loader] : RuntimeInterface::LoadRuntimes - unknown error
Error [GENERAL | xrEnumerateInstanceExtensionProperties | OpenXR-Loader] : RuntimeInterface::LoadRuntimes - failed to load a runtime
Error [GENERAL | xrEnumerateInstanceExtensionProperties | OpenXR-Loader] : Failed to find default runtime with RuntimeInterface::LoadRuntime()
Error [GENERAL | xrEnumerateInstanceExtensionProperties | OpenXR-Loader] : Failed querying extension properties
[XR] [0x7ff84548f180] [16:47:03.518][Error  ] xrEnumerateInstanceExtensionProperties: XR_ERROR_RUNTIME_UNAVAILABLE
Error [GENERAL | xrEnumerateInstanceExtensionProperties | OpenXR-Loader] : RuntimeManifestFile::FindManifestFiles - failed to determine active runtime file path for this environment
Error [GENERAL | xrEnumerateInstanceExtensionProperties | OpenXR-Loader] : RuntimeInterface::LoadRuntimes - unknown error
Error [GENERAL | xrEnumerateInstanceExtensionProperties | OpenXR-Loader] : RuntimeInterface::LoadRuntimes - failed to load a runtime
Error [GENERAL | xrEnumerateInstanceExtensionProperties | OpenXR-Loader] : Failed to find default runtime with RuntimeInterface::LoadRuntime()
Error [GENERAL | xrEnumerateInstanceExtensionProperties | OpenXR-Loader] : Failed querying extension properties
[XR] [0x7ff84548f180] [16:47:03.519][Error  ] xrEnumerateInstanceExtensionProperties: XR_ERROR_RUNTIME_UNAVAILABLE
Error [GENERAL | xrEnumerateInstanceExtensionProperties | OpenXR-Loader] : RuntimeManifestFile::FindManifestFiles - failed to determine active runtime file path for this environment
Error [GENERAL | xrEnumerateInstanceExtensionProperties | OpenXR-Loader] : RuntimeInterface::LoadRuntimes - unknown error
Error [GENERAL | xrEnumerateInstanceExtensionProperties | OpenXR-Loader] : RuntimeInterface::LoadRuntimes - failed to load a runtime
Error [GENERAL | xrEnumerateInstanceExtensionProperties | OpenXR-Loader] : Failed to find default runtime with RuntimeInterface::LoadRuntime()
Error [GENERAL | xrEnumerateInstanceExtensionProperties | OpenXR-Loader] : Failed querying extension properties
[XR] [0x7ff84548f180] [16:47:03.519][Error  ] xrEnumerateInstanceExtensionProperties: XR_ERROR_RUNTIME_UNAVAILABLE
Error [GENERAL | xrEnumerateInstanceExtensionProperties | OpenXR-Loader] : RuntimeManifestFile::FindManifestFiles - failed to determine active runtime file path for this environment
Error [GENERAL | xrEnumerateInstanceExtensionProperties | OpenXR-Loader] : RuntimeInterface::LoadRuntimes - unknown error
Error [GENERAL | xrEnumerateInstanceExtensionProperties | OpenXR-Loader] : RuntimeInterface::LoadRuntimes - failed to load a runtime
Error [GENERAL | xrEnumerateInstanceExtensionProperties | OpenXR-Loader] : Failed to find default runtime with RuntimeInterface::LoadRuntime()
Error [GENERAL | xrEnumerateInstanceExtensionProperties | OpenXR-Loader] : Failed querying extension properties
[XR] [0x7ff84548f180] [16:47:03.519][Error  ] xrEnumerateInstanceExtensionProperties: XR_ERROR_RUNTIME_UNAVAILABLE
Error [GENERAL | xrEnumerateInstanceExtensionProperties | OpenXR-Loader] : RuntimeManifestFile::FindManifestFiles - failed to determine active runtime file path for this environment
Error [GENERAL | xrEnumerateInstanceExtensionProperties | OpenXR-Loader] : RuntimeInterface::LoadRuntimes - unknown error
Error [GENERAL | xrEnumerateInstanceExtensionProperties | OpenXR-Loader] : RuntimeInterface::LoadRuntimes - failed to load a runtime
Error [GENERAL | xrEnumerateInstanceExtensionProperties | OpenXR-Loader] : Failed to find default runtime with RuntimeInterface::LoadRuntime()
Error [GENERAL | xrEnumerateInstanceExtensionProperties | OpenXR-Loader] : Failed querying extension properties
[XR] [0x7ff84548f180] [16:47:03.519][Error  ] xrEnumerateInstanceExtensionProperties: XR_ERROR_RUNTIME_UNAVAILABLE
Error [GENERAL | xrEnumerateInstanceExtensionProperties | OpenXR-Loader] : RuntimeManifestFile::FindManifestFiles - failed to determine active runtime file path for this environment
Error [GENERAL | xrEnumerateInstanceExtensionProperties | OpenXR-Loader] : RuntimeInterface::LoadRuntimes - unknown error
Error [GENERAL | xrEnumerateInstanceExtensionProperties | OpenXR-Loader] : RuntimeInterface::LoadRuntimes - failed to load a runtime
Error [GENERAL | xrEnumerateInstanceExtensionProperties | OpenXR-Loader] : Failed to find default runtime with RuntimeInterface::LoadRuntime()
Error [GENERAL | xrEnumerateInstanceExtensionProperties | OpenXR-Loader] : Failed querying extension properties
[XR] [0x7ff84548f180] [16:47:03.520][Error  ] xrEnumerateInstanceExtensionProperties: XR_ERROR_RUNTIME_UNAVAILABLE
Error [GENERAL | xrEnumerateInstanceExtensionProperties | OpenXR-Loader] : RuntimeManifestFile::FindManifestFiles - failed to determine active runtime file path for this environment
Error [GENERAL | xrEnumerateInstanceExtensionProperties | OpenXR-Loader] : RuntimeInterface::LoadRuntimes - unknown error
Error [GENERAL | xrEnumerateInstanceExtensionProperties | OpenXR-Loader] : RuntimeInterface::LoadRuntimes - failed to load a runtime
Error [GENERAL | xrEnumerateInstanceExtensionProperties | OpenXR-Loader] : Failed to find default runtime with RuntimeInterface::LoadRuntime()
Error [GENERAL | xrEnumerateInstanceExtensionProperties | OpenXR-Loader] : Failed querying extension properties
[XR] [0x7ff84548f180] [16:47:03.520][Error  ] xrEnumerateInstanceExtensionProperties: XR_ERROR_RUNTIME_UNAVAILABLE
Error [GENERAL | xrEnumerateInstanceExtensionProperties | OpenXR-Loader] : RuntimeManifestFile::FindManifestFiles - failed to determine active runtime file path for this environment
Error [GENERAL | xrEnumerateInstanceExtensionProperties | OpenXR-Loader] : RuntimeInterface::LoadRuntimes - unknown error
Error [GENERAL | xrEnumerateInstanceExtensionProperties | OpenXR-Loader] : RuntimeInterface::LoadRuntimes - failed to load a runtime
Error [GENERAL | xrEnumerateInstanceExtensionProperties | OpenXR-Loader] : Failed to find default runtime with RuntimeInterface::LoadRuntime()
Error [GENERAL | xrEnumerateInstanceExtensionProperties | OpenXR-Loader] : Failed querying extension properties
[XR] [0x7ff84548f180] [16:47:03.520][Error  ] xrEnumerateInstanceExtensionProperties: XR_ERROR_RUNTIME_UNAVAILABLE
Error [GENERAL | xrEnumerateInstanceExtensionProperties | OpenXR-Loader] : RuntimeManifestFile::FindManifestFiles - failed to determine active runtime file path for this environment
Error [GENERAL | xrEnumerateInstanceExtensionProperties | OpenXR-Loader] : RuntimeInterface::LoadRuntimes - unknown error
Error [GENERAL | xrEnumerateInstanceExtensionProperties | OpenXR-Loader] : RuntimeInterface::LoadRuntimes - failed to load a runtime
Error [GENERAL | xrEnumerateInstanceExtensionProperties | OpenXR-Loader] : Failed to find default runtime with RuntimeInterface::LoadRuntime()
Error [GENERAL | xrEnumerateInstanceExtensionProperties | OpenXR-Loader] : Failed querying extension properties
[XR] [0x7ff84548f180] [16:47:03.520][Error  ] xrEnumerateInstanceExtensionProperties: XR_ERROR_RUNTIME_UNAVAILABLE
Error [GENERAL | xrEnumerateInstanceExtensionProperties | OpenXR-Loader] : RuntimeManifestFile::FindManifestFiles - failed to determine active runtime file path for this environment
Error [GENERAL | xrEnumerateInstanceExtensionProperties | OpenXR-Loader] : RuntimeInterface::LoadRuntimes - unknown error
Error [GENERAL | xrEnumerateInstanceExtensionProperties | OpenXR-Loader] : RuntimeInterface::LoadRuntimes - failed to load a runtime
Error [GENERAL | xrEnumerateInstanceExtensionProperties | OpenXR-Loader] : Failed to find default runtime with RuntimeInterface::LoadRuntime()
Error [GENERAL | xrEnumerateInstanceExtensionProperties | OpenXR-Loader] : Failed querying extension properties
[XR] [0x7ff84548f180] [16:47:03.521][Error  ] xrEnumerateInstanceExtensionProperties: XR_ERROR_RUNTIME_UNAVAILABLE
Error [GENERAL | xrEnumerateInstanceExtensionProperties | OpenXR-Loader] : RuntimeManifestFile::FindManifestFiles - failed to determine active runtime file path for this environment
Error [GENERAL | xrEnumerateInstanceExtensionProperties | OpenXR-Loader] : RuntimeInterface::LoadRuntimes - unknown error
Error [GENERAL | xrEnumerateInstanceExtensionProperties | OpenXR-Loader] : RuntimeInterface::LoadRuntimes - failed to load a runtime
Error [GENERAL | xrEnumerateInstanceExtensionProperties | OpenXR-Loader] : Failed to find default runtime with RuntimeInterface::LoadRuntime()
Error [GENERAL | xrEnumerateInstanceExtensionProperties | OpenXR-Loader] : Failed querying extension properties
[XR] [0x7ff84548f180] [16:47:03.521][Error  ] xrEnumerateInstanceExtensionProperties: XR_ERROR_RUNTIME_UNAVAILABLE
Error [GENERAL | xrEnumerateInstanceExtensionProperties | OpenXR-Loader] : RuntimeManifestFile::FindManifestFiles - failed to determine active runtime file path for this environment
Error [GENERAL | xrEnumerateInstanceExtensionProperties | OpenXR-Loader] : RuntimeInterface::LoadRuntimes - unknown error
Error [GENERAL | xrEnumerateInstanceExtensionProperties | OpenXR-Loader] : RuntimeInterface::LoadRuntimes - failed to load a runtime
Error [GENERAL | xrEnumerateInstanceExtensionProperties | OpenXR-Loader] : Failed to find default runtime with RuntimeInterface::LoadRuntime()
Error [GENERAL | xrEnumerateInstanceExtensionProperties | OpenXR-Loader] : Failed querying extension properties
[XR] [0x7ff84548f180] [16:47:03.521][Error  ] xrEnumerateInstanceExtensionProperties: XR_ERROR_RUNTIME_UNAVAILABLE
Error [GENERAL | xrEnumerateInstanceExtensionProperties | OpenXR-Loader] : RuntimeManifestFile::FindManifestFiles - failed to determine active runtime file path for this environment
Error [GENERAL | xrEnumerateInstanceExtensionProperties | OpenXR-Loader] : RuntimeInterface::LoadRuntimes - unknown error
Error [GENERAL | xrEnumerateInstanceExtensionProperties | OpenXR-Loader] : RuntimeInterface::LoadRuntimes - failed to load a runtime
Error [GENERAL | xrEnumerateInstanceExtensionProperties | OpenXR-Loader] : Failed to find default runtime with RuntimeInterface::LoadRuntime()
Error [GENERAL | xrEnumerateInstanceExtensionProperties | OpenXR-Loader] : Failed querying extension properties
[XR] [0x7ff84548f180] [16:47:03.522][Error  ] xrEnumerateInstanceExtensionProperties: XR_ERROR_RUNTIME_UNAVAILABLE
Error [GENERAL | xrEnumerateInstanceExtensionProperties | OpenXR-Loader] : RuntimeManifestFile::FindManifestFiles - failed to determine active runtime file path for this environment
Error [GENERAL | xrEnumerateInstanceExtensionProperties | OpenXR-Loader] : RuntimeInterface::LoadRuntimes - unknown error
Error [GENERAL | xrEnumerateInstanceExtensionProperties | OpenXR-Loader] : RuntimeInterface::LoadRuntimes - failed to load a runtime
Error [GENERAL | xrEnumerateInstanceExtensionProperties | OpenXR-Loader] : Failed to find default runtime with RuntimeInterface::LoadRuntime()
Error [GENERAL | xrEnumerateInstanceExtensionProperties | OpenXR-Loader] : Failed querying extension properties
[XR] [0x7ff84548f180] [16:47:03.522][Error  ] xrEnumerateInstanceExtensionProperties: XR_ERROR_RUNTIME_UNAVAILABLE
Error [GENERAL | xrEnumerateInstanceExtensionProperties | OpenXR-Loader] : RuntimeManifestFile::FindManifestFiles - failed to determine active runtime file path for this environment
Error [GENERAL | xrEnumerateInstanceExtensionProperties | OpenXR-Loader] : RuntimeInterface::LoadRuntimes - unknown error
Error [GENERAL | xrEnumerateInstanceExtensionProperties | OpenXR-Loader] : RuntimeInterface::LoadRuntimes - failed to load a runtime
Error [GENERAL | xrEnumerateInstanceExtensionProperties | OpenXR-Loader] : Failed to find default runtime with RuntimeInterface::LoadRuntime()
Error [GENERAL | xrEnumerateInstanceExtensionProperties | OpenXR-Loader] : Failed querying extension properties
[XR] [0x7ff84548f180] [16:47:03.522][Error  ] xrEnumerateInstanceExtensionProperties: XR_ERROR_RUNTIME_UNAVAILABLE
Error [GENERAL | xrEnumerateInstanceExtensionProperties | OpenXR-Loader] : RuntimeManifestFile::FindManifestFiles - failed to determine active runtime file path for this environment
Error [GENERAL | xrEnumerateInstanceExtensionProperties | OpenXR-Loader] : RuntimeInterface::LoadRuntimes - unknown error
Error [GENERAL | xrEnumerateInstanceExtensionProperties | OpenXR-Loader] : RuntimeInterface::LoadRuntimes - failed to load a runtime
Error [GENERAL | xrEnumerateInstanceExtensionProperties | OpenXR-Loader] : Failed to find default runtime with RuntimeInterface::LoadRuntime()
Error [GENERAL | xrEnumerateInstanceExtensionProperties | OpenXR-Loader] : Failed querying extension properties
[XR] [0x7ff84548f180] [16:47:03.522][Error  ] xrEnumerateInstanceExtensionProperties: XR_ERROR_RUNTIME_UNAVAILABLE
Error [GENERAL | xrEnumerateInstanceExtensionProperties | OpenXR-Loader] : RuntimeManifestFile::FindManifestFiles - failed to determine active runtime file path for this environment
Error [GENERAL | xrEnumerateInstanceExtensionProperties | OpenXR-Loader] : RuntimeInterface::LoadRuntimes - unknown error
Error [GENERAL | xrEnumerateInstanceExtensionProperties | OpenXR-Loader] : RuntimeInterface::LoadRuntimes - failed to load a runtime
Error [GENERAL | xrEnumerateInstanceExtensionProperties | OpenXR-Loader] : Failed to find default runtime with RuntimeInterface::LoadRuntime()
Error [GENERAL | xrEnumerateInstanceExtensionProperties | OpenXR-Loader] : Failed querying extension properties
[XR] [0x7ff84548f180] [16:47:03.523][Error  ] xrEnumerateInstanceExtensionProperties: XR_ERROR_RUNTIME_UNAVAILABLE
Error [GENERAL | xrEnumerateInstanceExtensionProperties | OpenXR-Loader] : RuntimeManifestFile::FindManifestFiles - failed to determine active runtime file path for this environment
Error [GENERAL | xrEnumerateInstanceExtensionProperties | OpenXR-Loader] : RuntimeInterface::LoadRuntimes - unknown error
Error [GENERAL | xrEnumerateInstanceExtensionProperties | OpenXR-Loader] : RuntimeInterface::LoadRuntimes - failed to load a runtime
Error [GENERAL | xrEnumerateInstanceExtensionProperties | OpenXR-Loader] : Failed to find default runtime with RuntimeInterface::LoadRuntime()
Error [GENERAL | xrEnumerateInstanceExtensionProperties | OpenXR-Loader] : Failed querying extension properties
[XR] [0x7ff84548f180] [16:47:03.523][Error  ] xrEnumerateInstanceExtensionProperties: XR_ERROR_RUNTIME_UNAVAILABLE
Error [GENERAL | xrEnumerateInstanceExtensionProperties | OpenXR-Loader] : RuntimeManifestFile::FindManifestFiles - failed to determine active runtime file path for this environment
Error [GENERAL | xrEnumerateInstanceExtensionProperties | OpenXR-Loader] : RuntimeInterface::LoadRuntimes - unknown error
Error [GENERAL | xrEnumerateInstanceExtensionProperties | OpenXR-Loader] : RuntimeInterface::LoadRuntimes - failed to load a runtime
Error [GENERAL | xrEnumerateInstanceExtensionProperties | OpenXR-Loader] : Failed to find default runtime with RuntimeInterface::LoadRuntime()
Error [GENERAL | xrEnumerateInstanceExtensionProperties | OpenXR-Loader] : Failed querying extension properties
[XR] [0x7ff84548f180] [16:47:03.523][Error  ] xrEnumerateInstanceExtensionProperties: XR_ERROR_RUNTIME_UNAVAILABLE
Error [GENERAL | xrEnumerateInstanceExtensionProperties | OpenXR-Loader] : RuntimeManifestFile::FindManifestFiles - failed to determine active runtime file path for this environment
Error [GENERAL | xrEnumerateInstanceExtensionProperties | OpenXR-Loader] : RuntimeInterface::LoadRuntimes - unknown error
Error [GENERAL | xrEnumerateInstanceExtensionProperties | OpenXR-Loader] : RuntimeInterface::LoadRuntimes - failed to load a runtime
Error [GENERAL | xrEnumerateInstanceExtensionProperties | OpenXR-Loader] : Failed to find default runtime with RuntimeInterface::LoadRuntime()
Error [GENERAL | xrEnumerateInstanceExtensionProperties | OpenXR-Loader] : Failed querying extension properties
[XR] [0x7ff84548f180] [16:47:03.524][Error  ] xrEnumerateInstanceExtensionProperties: XR_ERROR_RUNTIME_UNAVAILABLE
Error [GENERAL | xrEnumerateInstanceExtensionProperties | OpenXR-Loader] : RuntimeManifestFile::FindManifestFiles - failed to determine active runtime file path for this environment
Error [GENERAL | xrEnumerateInstanceExtensionProperties | OpenXR-Loader] : RuntimeInterface::LoadRuntimes - unknown error
Error [GENERAL | xrEnumerateInstanceExtensionProperties | OpenXR-Loader] : RuntimeInterface::LoadRuntimes - failed to load a runtime
Error [GENERAL | xrEnumerateInstanceExtensionProperties | OpenXR-Loader] : Failed to find default runtime with RuntimeInterface::LoadRuntime()
Error [GENERAL | xrEnumerateInstanceExtensionProperties | OpenXR-Loader] : Failed querying extension properties
[XR] [0x7ff84548f180] [16:47:03.524][Error  ] xrEnumerateInstanceExtensionProperties: XR_ERROR_RUNTIME_UNAVAILABLE
[Subsystems] Loading plugin UnityOpenXR for subsystem OpenXR Display...
Error [GENERAL | xrEnumerateInstanceExtensionProperties | OpenXR-Loader] : RuntimeManifestFile::FindManifestFiles - failed to determine active runtime file path for this environment
Error [GENERAL | xrEnumerateInstanceExtensionProperties | OpenXR-Loader] : RuntimeInterface::LoadRuntimes - unknown error
Error [GENERAL | xrEnumerateInstanceExtensionProperties | OpenXR-Loader] : RuntimeInterface::LoadRuntimes - failed to load a runtime
Error [GENERAL | xrEnumerateInstanceExtensionProperties | OpenXR-Loader] : Failed to find default runtime with RuntimeInterface::LoadRuntime()
Error [GENERAL | xrEnumerateInstanceExtensionProperties | OpenXR-Loader] : Failed querying extension properties
[XR] [0x7ff84548f180] [16:47:03.538][Error  ] xrEnumerateInstanceExtensionProperties: XR_ERROR_RUNTIME_UNAVAILABLE
Error [GENERAL | xrEnumerateInstanceExtensionProperties | OpenXR-Loader] : RuntimeManifestFile::FindManifestFiles - failed to determine active runtime file path for this environment
Error [GENERAL | xrEnumerateInstanceExtensionProperties | OpenXR-Loader] : RuntimeInterface::LoadRuntimes - unknown error
Error [GENERAL | xrEnumerateInstanceExtensionProperties | OpenXR-Loader] : RuntimeInterface::LoadRuntimes - failed to load a runtime
Error [GENERAL | xrEnumerateInstanceExtensionProperties | OpenXR-Loader] : Failed to find default runtime with RuntimeInterface::LoadRuntime()
Error [GENERAL | xrEnumerateInstanceExtensionProperties | OpenXR-Loader] : Failed querying extension properties
[XR] [0x7ff84548f180] [16:47:03.538][Error  ] xrEnumerateInstanceExtensionProperties: XR_ERROR_RUNTIME_UNAVAILABLE
Error [GENERAL | xrEnumerateInstanceExtensionProperties | OpenXR-Loader] : RuntimeManifestFile::FindManifestFiles - failed to determine active runtime file path for this environment
Error [GENERAL | xrEnumerateInstanceExtensionProperties | OpenXR-Loader] : RuntimeInterface::LoadRuntimes - unknown error
Error [GENERAL | xrEnumerateInstanceExtensionProperties | OpenXR-Loader] : RuntimeInterface::LoadRuntimes - failed to load a runtime
Error [GENERAL | xrEnumerateInstanceExtensionProperties | OpenXR-Loader] : Failed to find default runtime with RuntimeInterface::LoadRuntime()
Error [GENERAL | xrEnumerateInstanceExtensionProperties | OpenXR-Loader] : Failed querying extension properties
[XR] [0x7ff84548f180] [16:47:03.539][Error  ] xrEnumerateInstanceExtensionProperties: XR_ERROR_RUNTIME_UNAVAILABLE
Error [GENERAL | xrEnumerateInstanceExtensionProperties | OpenXR-Loader] : RuntimeManifestFile::FindManifestFiles - failed to determine active runtime file path for this environment
Error [GENERAL | xrEnumerateInstanceExtensionProperties | OpenXR-Loader] : RuntimeInterface::LoadRuntimes - unknown error
Error [GENERAL | xrEnumerateInstanceExtensionProperties | OpenXR-Loader] : RuntimeInterface::LoadRuntimes - failed to load a runtime
Error [GENERAL | xrEnumerateInstanceExtensionProperties | OpenXR-Loader] : Failed to find default runtime with RuntimeInterface::LoadRuntime()
Error [GENERAL | xrEnumerateInstanceExtensionProperties | OpenXR-Loader] : Failed querying extension properties
[XR] [0x7ff84548f180] [16:47:03.539][Error  ] xrEnumerateInstanceExtensionProperties: XR_ERROR_RUNTIME_UNAVAILABLE
Error [GENERAL | xrEnumerateInstanceExtensionProperties | OpenXR-Loader] : RuntimeManifestFile::FindManifestFiles - failed to determine active runtime file path for this environment
Error [GENERAL | xrEnumerateInstanceExtensionProperties | OpenXR-Loader] : RuntimeInterface::LoadRuntimes - unknown error
Error [GENERAL | xrEnumerateInstanceExtensionProperties | OpenXR-Loader] : RuntimeInterface::LoadRuntimes - failed to load a runtime
Error [GENERAL | xrEnumerateInstanceExtensionProperties | OpenXR-Loader] : Failed to find default runtime with RuntimeInterface::LoadRuntime()
Error [GENERAL | xrEnumerateInstanceExtensionProperties | OpenXR-Loader] : Failed querying extension properties
[XR] [0x7ff84548f180] [16:47:03.540][Error  ] xrEnumerateInstanceExtensionProperties: XR_ERROR_RUNTIME_UNAVAILABLE
[XR] [0x7ff84548f180] [16:47:03.540][Info   ] Available Layers: (0)
[OVRPlugin][INFO] Func_xrCreateInstance(0x7fe194f6e870)

[OVRPlugin][INFO] OpenXR Loader Version 1.1.57

[OVRPlugin][INFO] Unity Requested Extensions (0):

Error [GENERAL | xrEnumerateInstanceExtensionProperties | OpenXR-Loader] : RuntimeManifestFile::FindManifestFiles - failed to determine active runtime file path for this environment
Error [GENERAL | xrEnumerateInstanceExtensionProperties | OpenXR-Loader] : RuntimeInterface::LoadRuntimes - unknown error
Error [GENERAL | xrEnumerateInstanceExtensionProperties | OpenXR-Loader] : RuntimeInterface::LoadRuntimes - failed to load a runtime
Error [GENERAL | xrEnumerateInstanceExtensionProperties | OpenXR-Loader] : Failed to find default runtime with RuntimeInterface::LoadRuntime()
Error [GENERAL | xrEnumerateInstanceExtensionProperties | OpenXR-Loader] : Failed querying extension properties
[OVRPlugin][ERROR] [XRCMD][failure] [XR_ERROR_RUNTIME_UNAVAILABLE]: xrEnumerateInstanceExtensionProperties(layerName, 0, &instanceExtensionCount, nullptr), arvr/projects/integrations/OVRPlugin/Src/Util/CompositorOpenXR.cpp:557
 (arvr/projects/integrations/OVRPlugin/Src/Util/CompositorOpenXR.h:342)
[OVRPlugin][INFO] Unavailable OpenXR extension: XR_KHR_vulkan_enable

[OVRPlugin][INFO] Unavailable OpenXR extension: XR_EXT_performance_settings

[OVRPlugin][INFO] Unavailable OpenXR extension: XR_KHR_composition_layer_color_scale_bias

[OVRPlugin][INFO] Unavailable OpenXR extension: XR_EXT_hand_tracking

[OVRPlugin][INFO] Unavailable OpenXR extension: XR_FB_hand_tracking_mesh

[OVRPlugin][INFO] Unavailable OpenXR extension: XR_FB_hand_tracking_aim

[OVRPlugin][INFO] Unavailable OpenXR extension: XR_FB_hand_tracking_capsules

[OVRPlugin][INFO] Unavailable OpenXR extension: XR_META_hand_tracking_microgestures

[OVRPlugin][INFO] Unavailable OpenXR extension: XR_LOGITECH_mx_ink_stylus_interaction

[OVRPlugin][INFO] Unavailable OpenXR extension: XR_FB_display_refresh_rate

[OVRPlugin][INFO] Unavailable OpenXR extension: XR_FB_color_space

[OVRPlugin][INFO] Unavailable OpenXR extension: XR_FB_swapchain_update_state

[OVRPlugin][INFO] Unavailable OpenXR extension: XR_FB_swapchain_update_state_vulkan

[OVRPlugin][INFO] Unavailable OpenXR extension: XR_FB_foveation

[OVRPlugin][INFO] Unavailable OpenXR extension: XR_FB_foveation_configuration

[OVRPlugin][INFO] Unavailable OpenXR extension: XR_FB_foveation_vulkan

[OVRPlugin][INFO] Unavailable OpenXR extension: XR_META_vulkan_swapchain_create_info

[OVRPlugin][INFO] Unavailable OpenXR extension: XR_META_foveation_eye_tracked

[OVRPlugin][INFO] Unavailable OpenXR extension: XR_FB_composition_layer_image_layout

[OVRPlugin][INFO] Unavailable OpenXR extension: XR_EXT_local_floor

[OVRPlugin][INFO] Unavailable OpenXR extension: XR_KHR_composition_layer_depth

[OVRPlugin][INFO] Unavailable OpenXR extension: XR_KHR_visibility_mask

[OVRPlugin][INFO] Unavailable OpenXR extension: XR_KHR_composition_layer_cylinder

[OVRPlugin][INFO] Unavailable OpenXR extension: XR_KHR_composition_layer_cube

[OVRPlugin][INFO] Unavailable OpenXR extension: XR_KHR_composition_layer_equirect2

[OVRPlugin][INFO] Unavailable OpenXR extension: XR_KHR_convert_timespec_time

[OVRPlugin][INFO] Unavailable OpenXR extension: XR_FB_passthrough

[OVRPlugin][INFO] Unavailable OpenXR extension: XR_FB_triangle_mesh

[OVRPlugin][INFO] Unavailable OpenXR extension: XR_FB_passthrough_keyboard_hands

[OVRPlugin][INFO] Unavailable OpenXR extension: XR_META_passthrough_color_lut

[OVRPlugin][INFO] Unavailable OpenXR extension: XR_META_passthrough_preferences

[OVRPlugin][INFO] Unavailable OpenXR extension: XR_META_passthrough_layer_resumed_event

[OVRPlugin][INFO] Unavailable OpenXR extension: XR_OCULUS_external_camera

[OVRPlugin][INFO] Unavailable OpenXR extension: XR_FB_common_events

[OVRPlugin][INFO] Unavailable OpenXR extension: XR_FB_render_model

[OVRPlugin][INFO] Unavailable OpenXR extension: XR_FB_keyboard_tracking

[OVRPlugin][INFO] Unavailable OpenXR extension: XR_META_virtual_keyboard

[OVRPlugin][INFO] Unavailable OpenXR extension: XR_EXT_hand_joints_motion_range

[OVRPlugin][INFO] Unavailable OpenXR extension: XR_EXT_hand_tracking_data_source

[OVRPlugin][INFO] Unavailable OpenXR extension: XR_META_hand_tracking_wide_motion_mode

[OVRPlugin][INFO] Unavailable OpenXR extension: XR_META_hand_tracking_unextrapolated_poses

[OVRPlugin][INFO] Unavailable OpenXR extension: XR_META_hand_tracking_wide_motion_mode2

[OVRPlugin][INFO] Unavailable OpenXR extension: XR_FB_scene

[OVRPlugin][INFO] Unavailable OpenXR extension: XR_FB_spatial_entity

[OVRPlugin][INFO] Unavailable OpenXR extension: XR_FB_spatial_entity_container

[OVRPlugin][INFO] Unavailable OpenXR extension: XR_FB_spatial_entity_query

[OVRPlugin][INFO] Unavailable OpenXR extension: XR_FB_spatial_entity_storage

[OVRPlugin][INFO] Unavailable OpenXR extension: XR_FB_spatial_entity_storage_batch

[OVRPlugin][INFO] Unavailable OpenXR extension: XR_FB_spatial_entity_sharing

[OVRPlugin][INFO] Unavailable OpenXR extension: XR_FB_spatial_entity_user

[OVRPlugin][INFO] Unavailable OpenXR extension: XR_META_headset_id

[OVRPlugin][INFO] Unavailable OpenXR extension: XR_META_spatial_entity_mesh

[OVRPlugin][INFO] Unavailable OpenXR extension: XR_FB_face_tracking

[OVRPlugin][INFO] Unavailable OpenXR extension: XR_FB_face_tracking2

[OVRPlugin][INFO] Unavailable OpenXR extension: XR_META_face_tracking_visemes

[OVRPlugin][INFO] Unavailable OpenXR extension: XR_FB_eye_tracking_social

[OVRPlugin][INFO] Unavailable OpenXR extension: XR_FB_body_tracking

[OVRPlugin][INFO] Unavailable OpenXR extension: XR_META_body_tracking_full_body

[OVRPlugin][INFO] Unavailable OpenXR extension: XR_META_body_tracking_fidelity

[OVRPlugin][INFO] Unavailable OpenXR extension: XR_META_body_tracking_calibration

[OVRPlugin][INFO] Unavailable OpenXR extension: XR_FB_touch_controller_pro

[OVRPlugin][INFO] Unavailable OpenXR extension: XR_FB_touch_controller_proximity

[OVRPlugin][INFO] Unavailable OpenXR extension: XR_META_touch_controller_plus

[OVRPlugin][INFO] Unavailable OpenXR extension: XR_MSFT_hand_interaction

[OVRPlugin][INFO] Unavailable OpenXR extension: XR_EXT_hand_interaction

[OVRPlugin][INFO] Unavailable OpenXR extension: XR_FB_haptic_amplitude_envelope

[OVRPlugin][INFO] Unavailable OpenXR extension: XR_FB_haptic_pcm

[OVRPlugin][INFO] Unavailable OpenXR extension: XR_EXTX1_haptic_parametric

[OVRPlugin][INFO] Unavailable OpenXR extension: XR_META_performance_metrics

[OVRPlugin][INFO] Unavailable OpenXR extension: XR_META_spatial_entity_discovery

[OVRPlugin][INFO] Unavailable OpenXR extension: XR_META_spatial_entity_persistence

[OVRPlugin][INFO] Unavailable OpenXR extension: XR_META_colocation_discovery

[OVRPlugin][INFO] Unavailable OpenXR extension: XR_META_spatial_entity_sharing

[OVRPlugin][INFO] Unavailable OpenXR extension: XR_META_spatial_entity_group_sharing

[OVRPlugin][INFO] Unavailable OpenXR extension: XR_META_boundary_visibility

[OVRPlugin][INFO] Unavailable OpenXR extension: XR_META_spatial_entity_room_mesh

[OVRPlugin][INFO] Unavailable OpenXR extension: XR_META_hand_tracking_frequency_hint

[OVRPlugin][INFO] Unavailable OpenXR extension: XR_EXT_debug_utils

[OVRPlugin][INFO] Unavailable OpenXR extension: XR_META_simultaneous_hands_and_controllers

[OVRPlugin][INFO] Unavailable OpenXR extension: XR_META_detached_controllers

[OVRPlugin][INFO] Unavailable OpenXR extension: XR_META_environment_depth

[OVRPlugin][INFO] Unavailable OpenXR extension: XR_META_dynamic_object_tracker

[OVRPlugin][INFO] Unavailable OpenXR extension: XR_META_dynamic_object_keyboard

[OVRPlugin][INFO] Unavailable OpenXR extension: XR_EXT_spatial_entity

[OVRPlugin][INFO] Unavailable OpenXR extension: XR_EXT_spatial_marker_tracking

[OVRPlugin][INFO] Unavailable OpenXR extension: XR_METAX1_spatial_entity_marker

[OVRPlugin][INFO] Unavailable OpenXR extension: XR_META_environment_raycast

[OVRPlugin][INFO] Unavailable OpenXR extension: XR_EXT_future

[OVRPlugin][INFO] Unavailable OpenXR extension: XR_METAX2_debug_utils_region_profiling

[OVRPlugin][INFO] Unavailable OpenXR extension: XR_METAX3_debug_utils_region_profiling

[OVRPlugin][INFO] Unavailable OpenXR extension: XR_EXTX2_stationary_reference_space

[OVRPlugin][INFO] Unavailable OpenXR extension: XR_METAX1_passthrough_camera_data

Error [GENERAL | xrCreateInstance | OpenXR-Loader] : RuntimeManifestFile::FindManifestFiles - failed to determine active runtime file path for this environment
Error [GENERAL | xrCreateInstance | OpenXR-Loader] : RuntimeInterface::LoadRuntimes - unknown error
Error [GENERAL | xrCreateInstance | OpenXR-Loader] : RuntimeInterface::LoadRuntimes - failed to load a runtime
Error [GENERAL | xrCreateInstance | OpenXR-Loader] : Failed loading runtime information
Error [GENERAL | xrCreateInstance | OpenXR-Loader] : xrCreateInstance failed
[OVRPlugin][ERROR] [XRCMD][failure] [XR_ERROR_RUNTIME_UNAVAILABLE]: xrCreateInstance(&createInfoCorrectOpenXRVersion, instance), arvr/projects/integrations/OVRPlugin/Src/Util/CompositorOpenXR.cpp:19221
 (arvr/projects/integrations/OVRPlugin/Src/Util/CompositorOpenXR.h:342)
[XR] [0x7ff84548f180] [16:47:03.541][Error  ] xrCreateInstance: XR_ERROR_RUNTIME_UNAVAILABLE
[Subsystems] Failed to initialize subsystem OpenXR Display [error: 1]
[XR] [0x7ff84548f180] [16:47:03.543][Error  ] xrPollEvent: XR_ERROR_FUNCTION_UNSUPPORTED
[XR] [0x7ff84548f180] [16:47:03.544][Info   ] 

==== Start Unity OpenXR Diagnostic Report ====


[XR] [0x7ff84548f180] [16:47:03.544][Info   ] ==== Report Reason: System Shutdown ====


[XR] [0x7ff84548f180] [16:47:03.544][Info   ] ==== OpenXR Settings ====
[XR] [0x7ff84548f180] [16:47:03.544][Info   ] 
[XR] [0x7ff84548f180] [16:47:03.544][Info   ] Symmetric Projection: False
[XR] [0x7ff84548f180] [16:47:03.544][Info   ] Stereo Rendering Mode: SinglePassInstanced
[XR] [0x7ff84548f180] [16:47:03.544][Info   ] Latency Optimization: PrioritizeRendering
[XR] [0x7ff84548f180] [16:47:03.544][Info   ] Color Submission Modes: kRenderTextureFormatGroup8888
[XR] [0x7ff84548f180] [16:47:03.544][Info   ] Depth Submission Mode: None
[XR] [0x7ff84548f180] [16:47:03.544][Info   ] Space Warp Motion Vector Texture Format: RGBA16f
[XR] [0x7ff84548f180] [16:47:03.544][Info   ] Optimize Buffer Discards: False
[XR] [0x7ff84548f180] [16:47:03.544][Info   ] Multiview Render Regions Optimization Mode: None
[XR] [0x7ff84548f180] [16:47:03.544][Info   ] Use OpenXR Predicted Time: False
[XR] [0x7ff84548f180] [16:47:03.544][Info   ] Foveated Rendering API: Legacy
[XR] [0x7ff84548f180] [16:47:03.544][Info   ] 
[XR] [0x7ff84548f180] [16:47:03.544][Info   ] ==== OpenXR Provider Info ====
[XR] [0x7ff84548f180] [16:47:03.544][Info   ] 
[XR] [0x7ff84548f180] [16:47:03.544][Info   ] Provider Version: 324c489
[XR] [0x7ff84548f180] [16:47:03.544][Info   ] App: VRLearn #1521753221
[XR] [0x7ff84548f180] [16:47:03.544][Info   ] Engine: 6000.3.19f1 #87110657
[XR] [0x7ff84548f180] [16:47:03.544][Info   ] 
[XR] [0x7ff84548f180] [16:47:03.544][Info   ] ==== OpenXR Runtime Info ====
[XR] [0x7ff84548f180] [16:47:03.544][Info   ] 
[XR] [0x7ff84548f180] [16:47:03.544][Info   ] Available Layers: (0)
[XR] [0x7ff84548f180] [16:47:03.544][Info   ] 
[XR] [0x7ff84548f180] [16:47:03.544][Info   ] ==== Last 20 non-XR_SUCCESS returns ====
[XR] [0x7ff84548f180] [16:47:03.544][Info   ] [FAILURE] xrEnumerateInstanceExtensionProperties: XR_ERROR_RUNTIME_UNAVAILABLE (110x)
[XR] [0x7ff84548f180] [16:47:03.544][Info   ] [FAILURE] xrCreateInstance: XR_ERROR_RUNTIME_UNAVAILABLE (1x)
[XR] [0x7ff84548f180] [16:47:03.544][Info   ] [FAILURE] xrPollEvent: XR_ERROR_FUNCTION_UNSUPPORTED (1x)
[XR] [0x7ff84548f180] [16:47:03.544][Info   ] 
[XR] [0x7ff84548f180] [16:47:03.544][Info   ] ==== Last 20 Events ====
[XR] [0x7ff84548f180] [16:47:03.544][Info   ] 

==== End Unity OpenXR Diagnostic Report ====


[MetaXRFeature] OnSessionDestroy: 0
UnityEngine.Debug:ExtractStackTraceNoAlloc (byte*,int,string)
UnityEngine.StackTraceUtility:ExtractStackTrace () (at /Users/bokken/build/output/unity/unity/Runtime/Export/Scripting/StackTrace.cs:35)
UnityEngine.DebugLogHandler:Internal_Log (UnityEngine.LogType,UnityEngine.LogOption,string,UnityEngine.Object)
UnityEngine.DebugLogHandler:LogFormat (UnityEngine.LogType,UnityEngine.Object,string,object[])
UnityEngine.Logger:Log (UnityEngine.LogType,object)
UnityEngine.Debug:Log (object)
Meta.XR.MetaXRFeature:OnSessionDestroy (ulong) (at ./Library/PackageCache/com.meta.xr.sdk.core@f4a2a776f923/Scripts/OpenXRFeatures/MetaXRFeature.cs:387)
UnityEngine.XR.OpenXR.Features.OpenXRFeature:ReceiveNativeEvent (UnityEngine.XR.OpenXR.Features.OpenXRFeature/NativeEvent,ulong) (at ./Library/PackageCache/com.unity.xr.openxr@58837b2992e0/Runtime/Features/OpenXRFeature.cs:721)
UnityEngine.XR.OpenXR.OpenXRLoaderBase:ReceiveNativeEvent (UnityEngine.XR.OpenXR.Features.OpenXRFeature/NativeEvent,ulong) (at ./Library/PackageCache/com.unity.xr.openxr@58837b2992e0/Runtime/OpenXRLoader.cs:704)
UnityEngine.XR.OpenXR.OpenXRLoaderBase:Deinitialize () (at ./Library/PackageCache/com.unity.xr.openxr@58837b2992e0/Runtime/OpenXRLoader.cs:483)
UnityEngine.XR.OpenXR.OpenXRLoaderBase:Initialize () (at ./Library/PackageCache/com.unity.xr.openxr@58837b2992e0/Runtime/OpenXRLoader.cs:215)
UnityEngine.XR.Management.XRManagerSettings:InitializeLoaderSync () (at ./Library/PackageCache/com.unity.xr.management@e3a3882b360a/Runtime/XRManagerSettings.cs:186)
UnityEngine.XR.Management.XRGeneralSettings:InitXRSDK () (at ./Library/PackageCache/com.unity.xr.management@e3a3882b360a/Runtime/XRGeneralSettings.cs:172)
UnityEngine.XR.Management.XRGeneralSettings:AttemptInitializeXRSDKOnLoad () (at ./Library/PackageCache/com.unity.xr.management@e3a3882b360a/Runtime/XRGeneralSettings.cs:145)

(Filename: ./Library/PackageCache/com.meta.xr.sdk.core@f4a2a776f923/Scripts/OpenXRFeatures/MetaXRFeature.cs Line: 387)

[OVRPlugin][ERROR] Compositor invalid
 (arvr/projects/integrations/OVRPlugin/Src/OVR_Plugin_UnityOpenXR.cpp:304)
[MetaXRFeature] OnInstanceDestroy: 0
UnityEngine.Debug:ExtractStackTraceNoAlloc (byte*,int,string)
UnityEngine.StackTraceUtility:ExtractStackTrace () (at /Users/bokken/build/output/unity/unity/Runtime/Export/Scripting/StackTrace.cs:35)
UnityEngine.DebugLogHandler:Internal_Log (UnityEngine.LogType,UnityEngine.LogOption,string,UnityEngine.Object)
UnityEngine.DebugLogHandler:LogFormat (UnityEngine.LogType,UnityEngine.Object,string,object[])
UnityEngine.Logger:Log (UnityEngine.LogType,object)
UnityEngine.Debug:Log (object)
Meta.XR.MetaXRFeature:OnInstanceDestroy (ulong) (at ./Library/PackageCache/com.meta.xr.sdk.core@f4a2a776f923/Scripts/OpenXRFeatures/MetaXRFeature.cs:323)
UnityEngine.XR.OpenXR.Features.OpenXRFeature:ReceiveNativeEvent (UnityEngine.XR.OpenXR.Features.OpenXRFeature/NativeEvent,ulong) (at ./Library/PackageCache/com.unity.xr.openxr@58837b2992e0/Runtime/Features/OpenXRFeature.cs:724)
UnityEngine.XR.OpenXR.OpenXRLoaderBase:ReceiveNativeEvent (UnityEngine.XR.OpenXR.Features.OpenXRFeature/NativeEvent,ulong) (at ./Library/PackageCache/com.unity.xr.openxr@58837b2992e0/Runtime/OpenXRLoader.cs:704)
UnityEngine.XR.OpenXR.OpenXRLoaderBase:Deinitialize () (at ./Library/PackageCache/com.unity.xr.openxr@58837b2992e0/Runtime/OpenXRLoader.cs:483)
UnityEngine.XR.OpenXR.OpenXRLoaderBase:Initialize () (at ./Library/PackageCache/com.unity.xr.openxr@58837b2992e0/Runtime/OpenXRLoader.cs:215)
UnityEngine.XR.Management.XRManagerSettings:InitializeLoaderSync () (at ./Library/PackageCache/com.unity.xr.management@e3a3882b360a/Runtime/XRManagerSettings.cs:186)
UnityEngine.XR.Management.XRGeneralSettings:InitXRSDK () (at ./Library/PackageCache/com.unity.xr.management@e3a3882b360a/Runtime/XRGeneralSettings.cs:172)
UnityEngine.XR.Management.XRGeneralSettings:AttemptInitializeXRSDKOnLoad () (at ./Library/PackageCache/com.unity.xr.management@e3a3882b360a/Runtime/XRGeneralSettings.cs:145)

(Filename: ./Library/PackageCache/com.meta.xr.sdk.core@f4a2a776f923/Scripts/OpenXRFeatures/MetaXRFeature.cs Line: 323)

Loaded scene 'Temp/__Backupscenes/0.backup'
	Deserialize:            2.469 ms
	Integration:            810.349 ms
	Integration of assets:  0.014 ms
	Thread Wait Time:       0.002 ms
	Total Operation Time:   812.833 ms
[MODES] ModeService[none].Initialize
[MODES] ModeService[none].LoadModes
[Licensing::Client] Successfully resolved entitlement details
Start importing Assets/_Project/XR/Settings/OpenXRPackageSettings.asset using Guid(01d33a87f0f5f49c8ac47950efbf5ffb) (NativeFormatImporter) -> (artifact id: '256f2daead15732f07c8e362074e0936') in 0.002041332 seconds
Refreshing native plugins compatible for Editor in 6.05 ms, found 12 plugins.
Preloading 0 native plugins for Editor in 0.00 ms.
Asset Pipeline Refresh (id=10dcf793c1e9b4af0b3a1a8121aa7642): Total: 0.031 seconds - Initiated by StopAssetImportingV2(NoUpdateAssetOptions)
[Licensing::Client] Successfully resolved entitlement details
[Licensing::Client] Successfully resolved entitlement details
[Licensing::Client] Successfully resolved entitlement details
[Licensing::Client] Successfully resolved entitlement details
LightingSettings: switching bake backend from 2 to 1.
Unloading 327 Unused Serialized files (Serialized files now loaded: 0)
Refreshing native plugins compatible for Editor in 5.43 ms, found 12 plugins.
Preloading 0 native plugins for Editor in 0.00 ms.
UnloadTime: 0.368338 ms
Camera "CenterEyeAnchor" does not use a Tracked Pose Driver (Input System), so its transform will not be updated by an XR device.  In order for this to be updated, please add a Tracked Pose Driver (Input System) with bindings for position and rotation of the center eye.
UnityEngine.Debug:ExtractStackTraceNoAlloc (byte*,int,string)
UnityEngine.StackTraceUtility:ExtractStackTrace () (at /Users/bokken/build/output/unity/unity/Runtime/Export/Scripting/StackTrace.cs:35)
UnityEngine.DebugLogHandler:Internal_Log (UnityEngine.LogType,UnityEngine.LogOption,string,UnityEngine.Object)
UnityEngine.DebugLogHandler:LogFormat (UnityEngine.LogType,UnityEngine.Object,string,object[])
UnityEngine.Logger:Log (UnityEngine.LogType,object,UnityEngine.Object)
UnityEngine.Debug:LogWarning (object,UnityEngine.Object)
Unity.XR.CoreUtils.XROrigin:Awake () (at ./Library/PackageCache/com.unity.xr.core-utils@a8b900321199/Runtime/XROrigin.cs:554)

(Filename: ./Library/PackageCache/com.unity.xr.core-utils@a8b900321199/Runtime/XROrigin.cs Line: 554)

Loaded scene 'Assets/_Project/Scenes/TraficAcident_Meta.unity'
	Deserialize:            623.354 ms
	Integration:            1675.411 ms
	Integration of assets:  46.067 ms
	Thread Wait Time:       0.240 ms
	Total Operation Time:   2345.072 ms
Unable to process a controller whose SampleRateHz is 0 now.
UnityEngine.Debug:ExtractStackTraceNoAlloc (byte*,int,string)
UnityEngine.StackTraceUtility:ExtractStackTrace () (at /Users/bokken/build/output/unity/unity/Runtime/Export/Scripting/StackTrace.cs:35)
UnityEngine.DebugLogHandler:Internal_Log (UnityEngine.LogType,UnityEngine.LogOption,string,UnityEngine.Object)
UnityEngine.DebugLogHandler:LogFormat (UnityEngine.LogType,UnityEngine.Object,string,object[])
UnityEngine.Logger:Log (UnityEngine.LogType,object)
UnityEngine.Debug:Log (object)
OVRHaptics/OVRHapticsOutput:Process () (at ./Library/PackageCache/com.meta.xr.sdk.core@f4a2a776f923/Scripts/OVRHaptics.cs:177)
OVRHaptics:Process () (at ./Library/PackageCache/com.meta.xr.sdk.core@f4a2a776f923/Scripts/OVRHaptics.cs:394)
OVRManager:LateUpdate () (at ./Library/PackageCache/com.meta.xr.sdk.core@f4a2a776f923/Scripts/OVRManager.cs:3393)

(Filename: ./Library/PackageCache/com.meta.xr.sdk.core@f4a2a776f923/Scripts/OVRHaptics.cs Line: 177)

Unable to process a controller whose SampleRateHz is 0 now.
UnityEngine.Debug:ExtractStackTraceNoAlloc (byte*,int,string)
UnityEngine.StackTraceUtility:ExtractStackTrace () (at /Users/bokken/build/output/unity/unity/Runtime/Export/Scripting/StackTrace.cs:35)
UnityEngine.DebugLogHandler:Internal_Log (UnityEngine.LogType,UnityEngine.LogOption,string,UnityEngine.Object)
UnityEngine.DebugLogHandler:LogFormat (UnityEngine.LogType,UnityEngine.Object,string,object[])
UnityEngine.Logger:Log (UnityEngine.LogType,object)
UnityEngine.Debug:Log (object)
OVRHaptics/OVRHapticsOutput:Process () (at ./Library/PackageCache/com.meta.xr.sdk.core@f4a2a776f923/Scripts/OVRHaptics.cs:177)
OVRHaptics:Process () (at ./Library/PackageCache/com.meta.xr.sdk.core@f4a2a776f923/Scripts/OVRHaptics.cs:394)
OVRManager:LateUpdate () (at ./Library/PackageCache/com.meta.xr.sdk.core@f4a2a776f923/Scripts/OVRManager.cs:3393)

(Filename: ./Library/PackageCache/com.meta.xr.sdk.core@f4a2a776f923/Scripts/OVRHaptics.cs Line: 177)

Unloading 1049 unused Assets / (2.7 MB). Loaded Objects now: 20995.
Memory consumption went from 432.5 MB to 429.8 MB.
Total: 39.715360 ms (FindLiveObjects: 1.791555 ms CreateObjectMapping: 1.310362 ms MarkObjects: 34.483011 ms  DeleteObjects: 2.129528 ms)

��������
UnityEngine.Debug:ExtractStackTraceNoAlloc (byte*,int,string)
UnityEngine.StackTraceUtility:ExtractStackTrace () (at /Users/bokken/build/output/unity/unity/Runtime/Export/Scripting/StackTrace.cs:35)
UnityEngine.DebugLogHandler:Internal_Log (UnityEngine.LogType,UnityEngine.LogOption,string,UnityEngine.Object)
UnityEngine.DebugLogHandler:LogFormat (UnityEngine.LogType,UnityEngine.Object,string,object[])
UnityEngine.Logger:Log (UnityEngine.LogType,object)
UnityEngine.Debug:Log (object)
CarController:HandleTriggerEnter (UnityEngine.Collider,bool) (at Assets/_Project/Scripts/CarController.cs:392)
CarController:NotifyMetaImpact (UnityEngine.Collider) (at Assets/_Project/Scripts/CarController.cs:757)
System.Reflection.RuntimeMethodInfo:Invoke (object,System.Reflection.BindingFlags,System.Reflection.Binder,object[],System.Globalization.CultureInfo)
System.Reflection.MethodBase:Invoke (object,object[])
VRLearn.Tests.PlayMode.AccidentExperienceTests:Call (object,string,object[]) (at Assets/_Project/Tests/PlayMode/AccidentExperienceTests.cs:16)
VRLearn.Tests.PlayMode.AccidentExperienceTests/<CollisionUsesActualSpeedBeforeTrafficFreeze>d__5:MoveNext () (at Assets/_Project/Tests/PlayMode/AccidentExperienceTests.cs:101)
UnityEngine.TestTools.TestEnumerator/<Execute>d__7:MoveNext () (at ./Library/PackageCache/com.unity.test-framework@bd7f943e9647/UnityEngine.TestRunner/NUnitExtensions/Attributes/TestEnumerator.cs:44)
UnityEngine.TestTools.EnumerableTestMethodCommand/<ExecuteEnumerableAndRecordExceptions>d__4:MoveNext () (at ./Library/PackageCache/com.unity.test-framework@bd7f943e9647/UnityEngine.TestRunner/NUnitExtensions/Commands/EnumerableTestMethodCommand.cs:79)
UnityEngine.TestTools.EnumerableTestMethodCommand:AdvanceEnumerator (System.Collections.IEnumerator) (at ./Library/PackageCache/com.unity.test-framework@bd7f943e9647/UnityEngine.TestRunner/NUnitExtensions/Commands/EnumerableTestMethodCommand.cs:64)
UnityEngine.TestTools.EnumerableTestMethodCommand/<ExecuteEnumerable>d__2:MoveNext () (at ./Library/PackageCache/com.unity.test-framework@bd7f943e9647/UnityEngine.TestRunner/NUnitExtensions/Commands/EnumerableTestMethodCommand.cs:47)
UnityEngine.TestRunner.NUnitExtensions.Runner.UnityLogCheckDelegatingCommand/<ExecuteEnumerable>d__3:MoveNext () (at ./Library/PackageCache/com.unity.test-framework@bd7f943e9647/UnityEngine.TestRunner/NUnitExtensions/Runner/UnityLogCheckDelegatingCommand.cs:48)
UnityEngine.TestTools.BeforeAfterTestCommandBase`1/<ExecuteEnumerable>d__16<NUnit.Framework.ITestAction>:MoveNext () (at ./Library/PackageCache/com.unity.test-framework@bd7f943e9647/UnityEngine.TestRunner/NUnitExtensions/Commands/BeforeAfterTestCommandBase.cs:212)
UnityEngine.TestTools.BeforeAfterTestCommandBase`1/<ExecuteEnumerable>d__16<System.Reflection.MethodInfo>:MoveNext () (at ./Library/PackageCache/com.unity.test-framework@bd7f943e9647/UnityEngine.TestRunner/NUnitExtensions/Commands/BeforeAfterTestCommandBase.cs:212)
UnityEngine.TestTools.BeforeAfterTestCommandBase`1/<ExecuteEnumerable>d__16<System.Reflection.MethodInfo>:MoveNext () (at ./Library/PackageCache/com.unity.test-framework@bd7f943e9647/UnityEngine.TestRunner/NUnitExtensions/Commands/BeforeAfterTestCommandBase.cs:212)
UnityEngine.TestTools.BeforeAfterTestCommandBase`1/<ExecuteEnumerable>d__16<UnityEngine.TestTools.IOuterUnityTestAction>:MoveNext () (at ./Library/PackageCache/com.unity.test-framework@bd7f943e9647/UnityEngine.TestRunner/NUnitExtensions/Commands/BeforeAfterTestCommandBase.cs:212)
UnityEngine.TestTools.RetryCommand/<ExecuteEnumerable>d__2:MoveNext () (at ./Library/PackageCache/com.unity.test-framework@bd7f943e9647/UnityEngine.TestRunner/NUnitExtensions/Commands/RetryCommand.cs:37)
UnityEngine.TestTools.RepeatCommand/<ExecuteEnumerable>d__2:MoveNext () (at ./Library/PackageCache/com.unity.test-framework@bd7f943e9647/UnityEngine.TestRunner/NUnitExtensions/Commands/RepeatCommand.cs:36)
UnityEngine.TestTools.IgnoreTestCommand/<ExecuteEnumerable>d__3:MoveNext () (at ./Library/PackageCache/com.unity.test-framework@bd7f943e9647/UnityEngine.TestRunner/NUnitExtensions/Commands/IgnoreTestCommand.cs:42)
UnityEngine.TestTools.StrictCheckCommand/<ExecuteEnumerable>d__2:MoveNext () (at ./Library/PackageCache/com.unity.test-framework@bd7f943e9647/UnityEngine.TestRunner/NUnitExtensions/Commands/StrictCheckCommand.cs:29)
UnityEngine.TestTools.Utils.CoroutineRunner/<WrapEnumeratorForChecks>d__8:MoveNext () (at ./Library/PackageCache/com.unity.test-framework@bd7f943e9647/UnityEngine.TestRunner/Utils/CoroutineRunner.cs:58)
UnityEngine.SetupCoroutine:InvokeMoveNext (System.Collections.IEnumerator,intptr) (at /Users/bokken/build/output/unity/unity/Runtime/Export/Scripting/Coroutines.cs:17)

(Filename: Assets/_Project/Scripts/CarController.cs Line: 392)

Meta_XR_Player
UnityEngine.Debug:ExtractStackTraceNoAlloc (byte*,int,string)
UnityEngine.StackTraceUtility:ExtractStackTrace () (at /Users/bokken/build/output/unity/unity/Runtime/Export/Scripting/StackTrace.cs:35)
UnityEngine.DebugLogHandler:Internal_Log (UnityEngine.LogType,UnityEngine.LogOption,string,UnityEngine.Object)
UnityEngine.DebugLogHandler:LogFormat (UnityEngine.LogType,UnityEngine.Object,string,object[])
UnityEngine.Logger:Log (UnityEngine.LogType,object)
UnityEngine.Debug:Log (object)
CarController:HandleTriggerEnter (UnityEngine.Collider,bool) (at Assets/_Project/Scripts/CarController.cs:393)
CarController:NotifyMetaImpact (UnityEngine.Collider) (at Assets/_Project/Scripts/CarController.cs:757)
System.Reflection.RuntimeMethodInfo:Invoke (object,System.Reflection.BindingFlags,System.Reflection.Binder,object[],System.Globalization.CultureInfo)
System.Reflection.MethodBase:Invoke (object,object[])
VRLearn.Tests.PlayMode.AccidentExperienceTests:Call (object,string,object[]) (at Assets/_Project/Tests/PlayMode/AccidentExperienceTests.cs:16)
VRLearn.Tests.PlayMode.AccidentExperienceTests/<CollisionUsesActualSpeedBeforeTrafficFreeze>d__5:MoveNext () (at Assets/_Project/Tests/PlayMode/AccidentExperienceTests.cs:101)
UnityEngine.TestTools.TestEnumerator/<Execute>d__7:MoveNext () (at ./Library/PackageCache/com.unity.test-framework@bd7f943e9647/UnityEngine.TestRunner/NUnitExtensions/Attributes/TestEnumerator.cs:44)
UnityEngine.TestTools.EnumerableTestMethodCommand/<ExecuteEnumerableAndRecordExceptions>d__4:MoveNext () (at ./Library/PackageCache/com.unity.test-framework@bd7f943e9647/UnityEngine.TestRunner/NUnitExtensions/Commands/EnumerableTestMethodCommand.cs:79)
UnityEngine.TestTools.EnumerableTestMethodCommand:AdvanceEnumerator (System.Collections.IEnumerator) (at ./Library/PackageCache/com.unity.test-framework@bd7f943e9647/UnityEngine.TestRunner/NUnitExtensions/Commands/EnumerableTestMethodCommand.cs:64)
UnityEngine.TestTools.EnumerableTestMethodCommand/<ExecuteEnumerable>d__2:MoveNext () (at ./Library/PackageCache/com.unity.test-framework@bd7f943e9647/UnityEngine.TestRunner/NUnitExtensions/Commands/EnumerableTestMethodCommand.cs:47)
UnityEngine.TestRunner.NUnitExtensions.Runner.UnityLogCheckDelegatingCommand/<ExecuteEnumerable>d__3:MoveNext () (at ./Library/PackageCache/com.unity.test-framework@bd7f943e9647/UnityEngine.TestRunner/NUnitExtensions/Runner/UnityLogCheckDelegatingCommand.cs:48)
UnityEngine.TestTools.BeforeAfterTestCommandBase`1/<ExecuteEnumerable>d__16<NUnit.Framework.ITestAction>:MoveNext () (at ./Library/PackageCache/com.unity.test-framework@bd7f943e9647/UnityEngine.TestRunner/NUnitExtensions/Commands/BeforeAfterTestCommandBase.cs:212)
UnityEngine.TestTools.BeforeAfterTestCommandBase`1/<ExecuteEnumerable>d__16<System.Reflection.MethodInfo>:MoveNext () (at ./Library/PackageCache/com.unity.test-framework@bd7f943e9647/UnityEngine.TestRunner/NUnitExtensions/Commands/BeforeAfterTestCommandBase.cs:212)
UnityEngine.TestTools.BeforeAfterTestCommandBase`1/<ExecuteEnumerable>d__16<System.Reflection.MethodInfo>:MoveNext () (at ./Library/PackageCache/com.unity.test-framework@bd7f943e9647/UnityEngine.TestRunner/NUnitExtensions/Commands/BeforeAfterTestCommandBase.cs:212)
UnityEngine.TestTools.BeforeAfterTestCommandBase`1/<ExecuteEnumerable>d__16<UnityEngine.TestTools.IOuterUnityTestAction>:MoveNext () (at ./Library/PackageCache/com.unity.test-framework@bd7f943e9647/UnityEngine.TestRunner/NUnitExtensions/Commands/BeforeAfterTestCommandBase.cs:212)
UnityEngine.TestTools.RetryCommand/<ExecuteEnumerable>d__2:MoveNext () (at ./Library/PackageCache/com.unity.test-framework@bd7f943e9647/UnityEngine.TestRunner/NUnitExtensions/Commands/RetryCommand.cs:37)
UnityEngine.TestTools.RepeatCommand/<ExecuteEnumerable>d__2:MoveNext () (at ./Library/PackageCache/com.unity.test-framework@bd7f943e9647/UnityEngine.TestRunner/NUnitExtensions/Commands/RepeatCommand.cs:36)
UnityEngine.TestTools.IgnoreTestCommand/<ExecuteEnumerable>d__3:MoveNext () (at ./Library/PackageCache/com.unity.test-framework@bd7f943e9647/UnityEngine.TestRunner/NUnitExtensions/Commands/IgnoreTestCommand.cs:42)
UnityEngine.TestTools.StrictCheckCommand/<ExecuteEnumerable>d__2:MoveNext () (at ./Library/PackageCache/com.unity.test-framework@bd7f943e9647/UnityEngine.TestRunner/NUnitExtensions/Commands/StrictCheckCommand.cs:29)
UnityEngine.TestTools.Utils.CoroutineRunner/<WrapEnumeratorForChecks>d__8:MoveNext () (at ./Library/PackageCache/com.unity.test-framework@bd7f943e9647/UnityEngine.TestRunner/Utils/CoroutineRunner.cs:58)
UnityEngine.SetupCoroutine:InvokeMoveNext (System.Collections.IEnumerator,intptr) (at /Users/bokken/build/output/unity/unity/Runtime/Export/Scripting/Coroutines.cs:17)

(Filename: Assets/_Project/Scripts/CarController.cs Line: 393)

LightingSettings: switching bake backend from 2 to 1.
Unloading 75 Unused Serialized files (Serialized files now loaded: 0)
[OVRManager] OnDestroy
UnityEngine.Debug:ExtractStackTraceNoAlloc (byte*,int,string)
UnityEngine.StackTraceUtility:ExtractStackTrace () (at /Users/bokken/build/output/unity/unity/Runtime/Export/Scripting/StackTrace.cs:35)
UnityEngine.DebugLogHandler:Internal_Log (UnityEngine.LogType,UnityEngine.LogOption,string,UnityEngine.Object)
UnityEngine.DebugLogHandler:LogFormat (UnityEngine.LogType,UnityEngine.Object,string,object[])
UnityEngine.Logger:Log (UnityEngine.LogType,object)
UnityEngine.Debug:Log (object)
OVRManager:OnDestroy () (at ./Library/PackageCache/com.meta.xr.sdk.core@f4a2a776f923/Scripts/OVRManager.cs:3440)

(Filename: ./Library/PackageCache/com.meta.xr.sdk.core@f4a2a776f923/Scripts/OVRManager.cs Line: 3440)

UnloadTime: 24.178096 ms
Camera "CenterEyeAnchor" does not use a Tracked Pose Driver (Input System), so its transform will not be updated by an XR device.  In order for this to be updated, please add a Tracked Pose Driver (Input System) with bindings for position and rotation of the center eye.
UnityEngine.Debug:ExtractStackTraceNoAlloc (byte*,int,string)
UnityEngine.StackTraceUtility:ExtractStackTrace () (at /Users/bokken/build/output/unity/unity/Runtime/Export/Scripting/StackTrace.cs:35)
UnityEngine.DebugLogHandler:Internal_Log (UnityEngine.LogType,UnityEngine.LogOption,string,UnityEngine.Object)
UnityEngine.DebugLogHandler:LogFormat (UnityEngine.LogType,UnityEngine.Object,string,object[])
UnityEngine.Logger:Log (UnityEngine.LogType,object,UnityEngine.Object)
UnityEngine.Debug:LogWarning (object,UnityEngine.Object)
Unity.XR.CoreUtils.XROrigin:Awake () (at ./Library/PackageCache/com.unity.xr.core-utils@a8b900321199/Runtime/XROrigin.cs:554)

(Filename: ./Library/PackageCache/com.unity.xr.core-utils@a8b900321199/Runtime/XROrigin.cs Line: 554)

Loaded scene 'Assets/_Project/Scenes/TraficAcident_Meta.unity'
	Deserialize:            139.458 ms
	Integration:            545.477 ms
	Integration of assets:  1.388 ms
	Thread Wait Time:       2.341 ms
	Total Operation Time:   688.663 ms
Unloading 821 unused Assets / (1.1 MB). Loaded Objects now: 21002.
Memory consumption went from 441.3 MB to 440.2 MB.
Total: 39.406995 ms (FindLiveObjects: 1.513531 ms CreateObjectMapping: 0.828866 ms MarkObjects: 35.965541 ms  DeleteObjects: 1.097884 ms)

Recorded duration: 1.000042
UnityEngine.Debug:ExtractStackTraceNoAlloc (byte*,int,string)
UnityEngine.StackTraceUtility:ExtractStackTrace () (at /Users/bokken/build/output/unity/unity/Runtime/Export/Scripting/StackTrace.cs:35)
UnityEngine.DebugLogHandler:Internal_Log (UnityEngine.LogType,UnityEngine.LogOption,string,UnityEngine.Object)
UnityEngine.DebugLogHandler:LogFormat (UnityEngine.LogType,UnityEngine.Object,string,object[])
UnityEngine.Logger:Log (UnityEngine.LogType,object)
UnityEngine.Debug:Log (object)
VRLearn.Tests.PlayMode.AccidentExperienceTests/<RecordedReplayCompletesAndRetryRetainsParticipantSettings>d__4:MoveNext () (at Assets/_Project/Tests/PlayMode/AccidentExperienceTests.cs:46)
UnityEngine.TestTools.TestEnumerator/<Execute>d__7:MoveNext () (at ./Library/PackageCache/com.unity.test-framework@bd7f943e9647/UnityEngine.TestRunner/NUnitExtensions/Attributes/TestEnumerator.cs:44)
UnityEngine.TestTools.EnumerableTestMethodCommand/<ExecuteEnumerableAndRecordExceptions>d__4:MoveNext () (at ./Library/PackageCache/com.unity.test-framework@bd7f943e9647/UnityEngine.TestRunner/NUnitExtensions/Commands/EnumerableTestMethodCommand.cs:79)
UnityEngine.TestTools.EnumerableTestMethodCommand:AdvanceEnumerator (System.Collections.IEnumerator) (at ./Library/PackageCache/com.unity.test-framework@bd7f943e9647/UnityEngine.TestRunner/NUnitExtensions/Commands/EnumerableTestMethodCommand.cs:64)
UnityEngine.TestTools.EnumerableTestMethodCommand/<ExecuteEnumerable>d__2:MoveNext () (at ./Library/PackageCache/com.unity.test-framework@bd7f943e9647/UnityEngine.TestRunner/NUnitExtensions/Commands/EnumerableTestMethodCommand.cs:47)
UnityEngine.TestRunner.NUnitExtensions.Runner.UnityLogCheckDelegatingCommand/<ExecuteEnumerable>d__3:MoveNext () (at ./Library/PackageCache/com.unity.test-framework@bd7f943e9647/UnityEngine.TestRunner/NUnitExtensions/Runner/UnityLogCheckDelegatingCommand.cs:48)
UnityEngine.TestTools.BeforeAfterTestCommandBase`1/<ExecuteEnumerable>d__16<NUnit.Framework.ITestAction>:MoveNext () (at ./Library/PackageCache/com.unity.test-framework@bd7f943e9647/UnityEngine.TestRunner/NUnitExtensions/Commands/BeforeAfterTestCommandBase.cs:212)
UnityEngine.TestTools.BeforeAfterTestCommandBase`1/<ExecuteEnumerable>d__16<System.Reflection.MethodInfo>:MoveNext () (at ./Library/PackageCache/com.unity.test-framework@bd7f943e9647/UnityEngine.TestRunner/NUnitExtensions/Commands/BeforeAfterTestCommandBase.cs:212)
UnityEngine.TestTools.BeforeAfterTestCommandBase`1/<ExecuteEnumerable>d__16<System.Reflection.MethodInfo>:MoveNext () (at ./Library/PackageCache/com.unity.test-framework@bd7f943e9647/UnityEngine.TestRunner/NUnitExtensions/Commands/BeforeAfterTestCommandBase.cs:212)
UnityEngine.TestTools.BeforeAfterTestCommandBase`1/<ExecuteEnumerable>d__16<UnityEngine.TestTools.IOuterUnityTestAction>:MoveNext () (at ./Library/PackageCache/com.unity.test-framework@bd7f943e9647/UnityEngine.TestRunner/NUnitExtensions/Commands/BeforeAfterTestCommandBase.cs:212)
UnityEngine.TestTools.RetryCommand/<ExecuteEnumerable>d__2:MoveNext () (at ./Library/PackageCache/com.unity.test-framework@bd7f943e9647/UnityEngine.TestRunner/NUnitExtensions/Commands/RetryCommand.cs:37)
UnityEngine.TestTools.RepeatCommand/<ExecuteEnumerable>d__2:MoveNext () (at ./Library/PackageCache/com.unity.test-framework@bd7f943e9647/UnityEngine.TestRunner/NUnitExtensions/Commands/RepeatCommand.cs:36)
UnityEngine.TestTools.IgnoreTestCommand/<ExecuteEnumerable>d__3:MoveNext () (at ./Library/PackageCache/com.unity.test-framework@bd7f943e9647/UnityEngine.TestRunner/NUnitExtensions/Commands/IgnoreTestCommand.cs:42)
UnityEngine.TestTools.StrictCheckCommand/<ExecuteEnumerable>d__2:MoveNext () (at ./Library/PackageCache/com.unity.test-framework@bd7f943e9647/UnityEngine.TestRunner/NUnitExtensions/Commands/StrictCheckCommand.cs:29)
UnityEngine.TestTools.Utils.CoroutineRunner/<WrapEnumeratorForChecks>d__8:MoveNext () (at ./Library/PackageCache/com.unity.test-framework@bd7f943e9647/UnityEngine.TestRunner/Utils/CoroutineRunner.cs:58)
UnityEngine.SetupCoroutine:InvokeMoveNext (System.Collections.IEnumerator,intptr) (at /Users/bokken/build/output/unity/unity/Runtime/Export/Scripting/Coroutines.cs:17)

(Filename: Assets/_Project/Tests/PlayMode/AccidentExperienceTests.cs Line: 46)

Your project uses a scriptable render pipeline. You can use Camera.stereoTargetEye only with the built-in renderer.
UnityEngine.Debug:ExtractStackTraceNoAlloc (byte*,int,string)
UnityEngine.StackTraceUtility:ExtractStackTrace () (at /Users/bokken/build/output/unity/unity/Runtime/Export/Scripting/StackTrace.cs:35)
UnityEngine.DebugLogHandler:Internal_Log (UnityEngine.LogType,UnityEngine.LogOption,string,UnityEngine.Object)
UnityEngine.DebugLogHandler:LogFormat (UnityEngine.LogType,UnityEngine.Object,string,object[])
UnityEngine.Logger:Log (UnityEngine.LogType,object)
UnityEngine.Debug:LogWarning (object)
UnityEngine.Camera:set_stereoTargetEye (UnityEngine.StereoTargetEyeMask) (at /Users/bokken/build/output/unity/unity/Runtime/Export/Camera/Camera.bindings.cs:291)
AccidentOverheadView:EnsureResources () (at Assets/_Project/Scripts/AccidentOverheadView.cs:168)
AccidentOverheadView:Show (UnityEngine.Vector3,UnityEngine.Vector3,UnityEngine.Transform,AvatarPresenter) (at Assets/_Project/Scripts/AccidentOverheadView.cs:81)
HybridAccidentPresentation/<PresentAccident>d__50:MoveNext () (at Assets/_Project/Scripts/HybridAccidentPresentation.cs:277)
UnityEngine.SetupCoroutine:InvokeMoveNext (System.Collections.IEnumerator,intptr) (at /Users/bokken/build/output/unity/unity/Runtime/Export/Scripting/Coroutines.cs:17)

(Filename: /Users/bokken/build/output/unity/unity/Runtime/Export/Camera/Camera.bindings.cs Line: 291)

[OVRPlugin][INFO] ovrp_UnityOpenXR_OnSessionDestroy(0)

[OVRPlugin][INFO] ovrp_UnityOpenXR_OnInstanceDestroy(0)

[OVRPlugin][INFO] [CompositorOpenXR::SetExternalXrGetInstanceProcAddr] xrGetInstanceProcAddr set to 0x0. All OpenXR API Entires unbound.

Launching external process: /Applications/Unity/Hub/Editor/6000.3.19f1/Unity.app/Contents/Helpers/UnityShaderCompiler
Launched and connected shader compiler UnityShaderCompiler after 0.21 seconds
LightingSettings: switching bake backend from 2 to 1.
Unloading 54 Unused Serialized files (Serialized files now loaded: 0)
[OVRManager] OnDestroy
UnityEngine.Debug:ExtractStackTraceNoAlloc (byte*,int,string)
UnityEngine.StackTraceUtility:ExtractStackTrace () (at /Users/bokken/build/output/unity/unity/Runtime/Export/Scripting/StackTrace.cs:35)
UnityEngine.DebugLogHandler:Internal_Log (UnityEngine.LogType,UnityEngine.LogOption,string,UnityEngine.Object)
UnityEngine.DebugLogHandler:LogFormat (UnityEngine.LogType,UnityEngine.Object,string,object[])
UnityEngine.Logger:Log (UnityEngine.LogType,object)
UnityEngine.Debug:Log (object)
OVRManager:OnDestroy () (at ./Library/PackageCache/com.meta.xr.sdk.core@f4a2a776f923/Scripts/OVRManager.cs:3440)

(Filename: ./Library/PackageCache/com.meta.xr.sdk.core@f4a2a776f923/Scripts/OVRManager.cs Line: 3440)

UnloadTime: 11.617555 ms
Camera "CenterEyeAnchor" does not use a Tracked Pose Driver (Input System), so its transform will not be updated by an XR device.  In order for this to be updated, please add a Tracked Pose Driver (Input System) with bindings for position and rotation of the center eye.
UnityEngine.Debug:ExtractStackTraceNoAlloc (byte*,int,string)
UnityEngine.StackTraceUtility:ExtractStackTrace () (at /Users/bokken/build/output/unity/unity/Runtime/Export/Scripting/StackTrace.cs:35)
UnityEngine.DebugLogHandler:Internal_Log (UnityEngine.LogType,UnityEngine.LogOption,string,UnityEngine.Object)
UnityEngine.DebugLogHandler:LogFormat (UnityEngine.LogType,UnityEngine.Object,string,object[])
UnityEngine.Logger:Log (UnityEngine.LogType,object,UnityEngine.Object)
UnityEngine.Debug:LogWarning (object,UnityEngine.Object)
Unity.XR.CoreUtils.XROrigin:Awake () (at ./Library/PackageCache/com.unity.xr.core-utils@a8b900321199/Runtime/XROrigin.cs:554)

(Filename: ./Library/PackageCache/com.unity.xr.core-utils@a8b900321199/Runtime/XROrigin.cs Line: 554)

Loaded scene 'Assets/_Project/Scenes/TraficAcident_Meta.unity'
	Deserialize:            109.576 ms
	Integration:            549.074 ms
	Integration of assets:  1.485 ms
	Thread Wait Time:       -0.037 ms
	Total Operation Time:   660.098 ms
Unloading 823 unused Assets / (0.6 MB). Loaded Objects now: 21069.
Memory consumption went from 445.9 MB to 445.3 MB.
Total: 42.516476 ms (FindLiveObjects: 1.773752 ms CreateObjectMapping: 1.229287 ms MarkObjects: 38.792207 ms  DeleteObjects: 0.720013 ms)

LightingSettings: switching bake backend from 2 to 1.
Unloading 49 Unused Serialized files (Serialized files now loaded: 0)
[OVRManager] OnDestroy
UnityEngine.Debug:ExtractStackTraceNoAlloc (byte*,int,string)
UnityEngine.StackTraceUtility:ExtractStackTrace () (at /Users/bokken/build/output/unity/unity/Runtime/Export/Scripting/StackTrace.cs:35)
UnityEngine.DebugLogHandler:Internal_Log (UnityEngine.LogType,UnityEngine.LogOption,string,UnityEngine.Object)
UnityEngine.DebugLogHandler:LogFormat (UnityEngine.LogType,UnityEngine.Object,string,object[])
UnityEngine.Logger:Log (UnityEngine.LogType,object)
UnityEngine.Debug:Log (object)
OVRManager:OnDestroy () (at ./Library/PackageCache/com.meta.xr.sdk.core@f4a2a776f923/Scripts/OVRManager.cs:3440)

(Filename: ./Library/PackageCache/com.meta.xr.sdk.core@f4a2a776f923/Scripts/OVRManager.cs Line: 3440)

UnloadTime: 11.983818 ms
Camera "CenterEyeAnchor" does not use a Tracked Pose Driver (Input System), so its transform will not be updated by an XR device.  In order for this to be updated, please add a Tracked Pose Driver (Input System) with bindings for position and rotation of the center eye.
UnityEngine.Debug:ExtractStackTraceNoAlloc (byte*,int,string)
UnityEngine.StackTraceUtility:ExtractStackTrace () (at /Users/bokken/build/output/unity/unity/Runtime/Export/Scripting/StackTrace.cs:35)
UnityEngine.DebugLogHandler:Internal_Log (UnityEngine.LogType,UnityEngine.LogOption,string,UnityEngine.Object)
UnityEngine.DebugLogHandler:LogFormat (UnityEngine.LogType,UnityEngine.Object,string,object[])
UnityEngine.Logger:Log (UnityEngine.LogType,object,UnityEngine.Object)
UnityEngine.Debug:LogWarning (object,UnityEngine.Object)
Unity.XR.CoreUtils.XROrigin:Awake () (at ./Library/PackageCache/com.unity.xr.core-utils@a8b900321199/Runtime/XROrigin.cs:554)

(Filename: ./Library/PackageCache/com.unity.xr.core-utils@a8b900321199/Runtime/XROrigin.cs Line: 554)

Loaded scene 'Assets/_Project/Scenes/TraficAcident_Meta.unity'
	Deserialize:            159.516 ms
	Integration:            512.746 ms
	Integration of assets:  1.457 ms
	Thread Wait Time:       1.663 ms
	Total Operation Time:   675.381 ms
Unloading 822 unused Assets / (3.0 MB). Loaded Objects now: 21103.
Memory consumption went from 445.5 MB to 442.6 MB.
Total: 39.181003 ms (FindLiveObjects: 1.535129 ms CreateObjectMapping: 0.881482 ms MarkObjects: 36.011206 ms  DeleteObjects: 0.752254 ms)

Your project uses a scriptable render pipeline. You can use Camera.stereoTargetEye only with the built-in renderer.
UnityEngine.Debug:ExtractStackTraceNoAlloc (byte*,int,string)
UnityEngine.StackTraceUtility:ExtractStackTrace () (at /Users/bokken/build/output/unity/unity/Runtime/Export/Scripting/StackTrace.cs:35)
UnityEngine.DebugLogHandler:Internal_Log (UnityEngine.LogType,UnityEngine.LogOption,string,UnityEngine.Object)
UnityEngine.DebugLogHandler:LogFormat (UnityEngine.LogType,UnityEngine.Object,string,object[])
UnityEngine.Logger:Log (UnityEngine.LogType,object)
UnityEngine.Debug:LogWarning (object)
UnityEngine.Camera:set_stereoTargetEye (UnityEngine.StereoTargetEyeMask) (at /Users/bokken/build/output/unity/unity/Runtime/Export/Camera/Camera.bindings.cs:291)
AccidentOverheadView:EnsureResources () (at Assets/_Project/Scripts/AccidentOverheadView.cs:168)
AccidentOverheadView:Show (UnityEngine.Vector3,UnityEngine.Vector3,UnityEngine.Transform,AvatarPresenter) (at Assets/_Project/Scripts/AccidentOverheadView.cs:81)
HybridAccidentPresentation/<PresentAccident>d__50:MoveNext () (at Assets/_Project/Scripts/HybridAccidentPresentation.cs:277)
UnityEngine.SetupCoroutine:InvokeMoveNext (System.Collections.IEnumerator,intptr) (at /Users/bokken/build/output/unity/unity/Runtime/Export/Scripting/Coroutines.cs:17)

(Filename: /Users/bokken/build/output/unity/unity/Runtime/Export/Camera/Camera.bindings.cs Line: 291)

TrimDiskCacheJob: Current cache size 0mb
LightingSettings: switching bake backend from 2 to 1.
Unloading 50 Unused Serialized files (Serialized files now loaded: 0)
[OVRManager] OnDestroy
UnityEngine.Debug:ExtractStackTraceNoAlloc (byte*,int,string)
UnityEngine.StackTraceUtility:ExtractStackTrace () (at /Users/bokken/build/output/unity/unity/Runtime/Export/Scripting/StackTrace.cs:35)
UnityEngine.DebugLogHandler:Internal_Log (UnityEngine.LogType,UnityEngine.LogOption,string,UnityEngine.Object)
UnityEngine.DebugLogHandler:LogFormat (UnityEngine.LogType,UnityEngine.Object,string,object[])
UnityEngine.Logger:Log (UnityEngine.LogType,object)
UnityEngine.Debug:Log (object)
OVRManager:OnDestroy () (at ./Library/PackageCache/com.meta.xr.sdk.core@f4a2a776f923/Scripts/OVRManager.cs:3440)

(Filename: ./Library/PackageCache/com.meta.xr.sdk.core@f4a2a776f923/Scripts/OVRManager.cs Line: 3440)

UnloadTime: 10.635565 ms
Camera "CenterEyeAnchor" does not use a Tracked Pose Driver (Input System), so its transform will not be updated by an XR device.  In order for this to be updated, please add a Tracked Pose Driver (Input System) with bindings for position and rotation of the center eye.
UnityEngine.Debug:ExtractStackTraceNoAlloc (byte*,int,string)
UnityEngine.StackTraceUtility:ExtractStackTrace () (at /Users/bokken/build/output/unity/unity/Runtime/Export/Scripting/StackTrace.cs:35)
UnityEngine.DebugLogHandler:Internal_Log (UnityEngine.LogType,UnityEngine.LogOption,string,UnityEngine.Object)
UnityEngine.DebugLogHandler:LogFormat (UnityEngine.LogType,UnityEngine.Object,string,object[])
UnityEngine.Logger:Log (UnityEngine.LogType,object,UnityEngine.Object)
UnityEngine.Debug:LogWarning (object,UnityEngine.Object)
Unity.XR.CoreUtils.XROrigin:Awake () (at ./Library/PackageCache/com.unity.xr.core-utils@a8b900321199/Runtime/XROrigin.cs:554)

(Filename: ./Library/PackageCache/com.unity.xr.core-utils@a8b900321199/Runtime/XROrigin.cs Line: 554)

Loaded scene 'Assets/_Project/Scenes/TraficAcident_Meta.unity'
	Deserialize:            142.743 ms
	Integration:            520.549 ms
	Integration of assets:  1.614 ms
	Thread Wait Time:       2.569 ms
	Total Operation Time:   667.475 ms
Unloading 824 unused Assets / (1.0 MB). Loaded Objects now: 21116.
Memory consumption went from 447.2 MB to 446.2 MB.
Total: 40.808401 ms (FindLiveObjects: 1.564747 ms CreateObjectMapping: 0.899073 ms MarkObjects: 37.572355 ms  DeleteObjects: 0.771189 ms)

LightingSettings: switching bake backend from 2 to 1.
Unloading 54 Unused Serialized files (Serialized files now loaded: 0)
[OVRManager] OnDestroy
UnityEngine.Debug:ExtractStackTraceNoAlloc (byte*,int,string)
UnityEngine.StackTraceUtility:ExtractStackTrace () (at /Users/bokken/build/output/unity/unity/Runtime/Export/Scripting/StackTrace.cs:35)
UnityEngine.DebugLogHandler:Internal_Log (UnityEngine.LogType,UnityEngine.LogOption,string,UnityEngine.Object)
UnityEngine.DebugLogHandler:LogFormat (UnityEngine.LogType,UnityEngine.Object,string,object[])
UnityEngine.Logger:Log (UnityEngine.LogType,object)
UnityEngine.Debug:Log (object)
OVRManager:OnDestroy () (at ./Library/PackageCache/com.meta.xr.sdk.core@f4a2a776f923/Scripts/OVRManager.cs:3440)

(Filename: ./Library/PackageCache/com.meta.xr.sdk.core@f4a2a776f923/Scripts/OVRManager.cs Line: 3440)

UnloadTime: 10.842969 ms
Camera "CenterEyeAnchor" does not use a Tracked Pose Driver (Input System), so its transform will not be updated by an XR device.  In order for this to be updated, please add a Tracked Pose Driver (Input System) with bindings for position and rotation of the center eye.
UnityEngine.Debug:ExtractStackTraceNoAlloc (byte*,int,string)
UnityEngine.StackTraceUtility:ExtractStackTrace () (at /Users/bokken/build/output/unity/unity/Runtime/Export/Scripting/StackTrace.cs:35)
UnityEngine.DebugLogHandler:Internal_Log (UnityEngine.LogType,UnityEngine.LogOption,string,UnityEngine.Object)
UnityEngine.DebugLogHandler:LogFormat (UnityEngine.LogType,UnityEngine.Object,string,object[])
UnityEngine.Logger:Log (UnityEngine.LogType,object,UnityEngine.Object)
UnityEngine.Debug:LogWarning (object,UnityEngine.Object)
Unity.XR.CoreUtils.XROrigin:Awake () (at ./Library/PackageCache/com.unity.xr.core-utils@a8b900321199/Runtime/XROrigin.cs:554)

(Filename: ./Library/PackageCache/com.unity.xr.core-utils@a8b900321199/Runtime/XROrigin.cs Line: 554)

Loaded scene 'Assets/_Project/Scenes/TraficAcident_Meta.unity'
	Deserialize:            147.364 ms
	Integration:            528.620 ms
	Integration of assets:  1.972 ms
	Thread Wait Time:       2.786 ms
	Total Operation Time:   680.741 ms
Unloading 836 unused Assets / (2.3 MB). Loaded Objects now: 21117.
Memory consumption went from 447.2 MB to 444.9 MB.
Total: 41.901914 ms (FindLiveObjects: 1.655156 ms CreateObjectMapping: 1.270942 ms MarkObjects: 37.889989 ms  DeleteObjects: 1.084501 ms)

LightingSettings: switching bake backend from 2 to 1.
Unloading 54 Unused Serialized files (Serialized files now loaded: 0)
[OVRManager] OnDestroy
UnityEngine.Debug:ExtractStackTraceNoAlloc (byte*,int,string)
UnityEngine.StackTraceUtility:ExtractStackTrace () (at /Users/bokken/build/output/unity/unity/Runtime/Export/Scripting/StackTrace.cs:35)
UnityEngine.DebugLogHandler:Internal_Log (UnityEngine.LogType,UnityEngine.LogOption,string,UnityEngine.Object)
UnityEngine.DebugLogHandler:LogFormat (UnityEngine.LogType,UnityEngine.Object,string,object[])
UnityEngine.Logger:Log (UnityEngine.LogType,object)
UnityEngine.Debug:Log (object)
OVRManager:OnDestroy () (at ./Library/PackageCache/com.meta.xr.sdk.core@f4a2a776f923/Scripts/OVRManager.cs:3440)

(Filename: ./Library/PackageCache/com.meta.xr.sdk.core@f4a2a776f923/Scripts/OVRManager.cs Line: 3440)

UnloadTime: 11.522294 ms
Camera "CenterEyeAnchor" does not use a Tracked Pose Driver (Input System), so its transform will not be updated by an XR device.  In order for this to be updated, please add a Tracked Pose Driver (Input System) with bindings for position and rotation of the center eye.
UnityEngine.Debug:ExtractStackTraceNoAlloc (byte*,int,string)
UnityEngine.StackTraceUtility:ExtractStackTrace () (at /Users/bokken/build/output/unity/unity/Runtime/Export/Scripting/StackTrace.cs:35)
UnityEngine.DebugLogHandler:Internal_Log (UnityEngine.LogType,UnityEngine.LogOption,string,UnityEngine.Object)
UnityEngine.DebugLogHandler:LogFormat (UnityEngine.LogType,UnityEngine.Object,string,object[])
UnityEngine.Logger:Log (UnityEngine.LogType,object,UnityEngine.Object)
UnityEngine.Debug:LogWarning (object,UnityEngine.Object)
Unity.XR.CoreUtils.XROrigin:Awake () (at ./Library/PackageCache/com.unity.xr.core-utils@a8b900321199/Runtime/XROrigin.cs:554)

(Filename: ./Library/PackageCache/com.unity.xr.core-utils@a8b900321199/Runtime/XROrigin.cs Line: 554)

Loaded scene 'Assets/_Project/Scenes/TraficAcident_Meta.unity'
	Deserialize:            120.048 ms
	Integration:            513.552 ms
	Integration of assets:  1.469 ms
	Thread Wait Time:       19.742 ms
	Total Operation Time:   654.810 ms
Unloading 836 unused Assets / (0.7 MB). Loaded Objects now: 21118.
Memory consumption went from 448.0 MB to 447.3 MB.
Total: 42.189237 ms (FindLiveObjects: 1.521809 ms CreateObjectMapping: 1.379169 ms MarkObjects: 38.455308 ms  DeleteObjects: 0.831965 ms)

LightingSettings: switching bake backend from 2 to 1.
Unloading 54 Unused Serialized files (Serialized files now loaded: 0)
[OVRManager] OnDestroy
UnityEngine.Debug:ExtractStackTraceNoAlloc (byte*,int,string)
UnityEngine.StackTraceUtility:ExtractStackTrace () (at /Users/bokken/build/output/unity/unity/Runtime/Export/Scripting/StackTrace.cs:35)
UnityEngine.DebugLogHandler:Internal_Log (UnityEngine.LogType,UnityEngine.LogOption,string,UnityEngine.Object)
UnityEngine.DebugLogHandler:LogFormat (UnityEngine.LogType,UnityEngine.Object,string,object[])
UnityEngine.Logger:Log (UnityEngine.LogType,object)
UnityEngine.Debug:Log (object)
OVRManager:OnDestroy () (at ./Library/PackageCache/com.meta.xr.sdk.core@f4a2a776f923/Scripts/OVRManager.cs:3440)

(Filename: ./Library/PackageCache/com.meta.xr.sdk.core@f4a2a776f923/Scripts/OVRManager.cs Line: 3440)

UnloadTime: 10.936862 ms
Camera "CenterEyeAnchor" does not use a Tracked Pose Driver (Input System), so its transform will not be updated by an XR device.  In order for this to be updated, please add a Tracked Pose Driver (Input System) with bindings for position and rotation of the center eye.
UnityEngine.Debug:ExtractStackTraceNoAlloc (byte*,int,string)
UnityEngine.StackTraceUtility:ExtractStackTrace () (at /Users/bokken/build/output/unity/unity/Runtime/Export/Scripting/StackTrace.cs:35)
UnityEngine.DebugLogHandler:Internal_Log (UnityEngine.LogType,UnityEngine.LogOption,string,UnityEngine.Object)
UnityEngine.DebugLogHandler:LogFormat (UnityEngine.LogType,UnityEngine.Object,string,object[])
UnityEngine.Logger:Log (UnityEngine.LogType,object,UnityEngine.Object)
UnityEngine.Debug:LogWarning (object,UnityEngine.Object)
Unity.XR.CoreUtils.XROrigin:Awake () (at ./Library/PackageCache/com.unity.xr.core-utils@a8b900321199/Runtime/XROrigin.cs:554)

(Filename: ./Library/PackageCache/com.unity.xr.core-utils@a8b900321199/Runtime/XROrigin.cs Line: 554)

Loaded scene 'Assets/_Project/Scenes/TraficAcident_Meta.unity'
	Deserialize:            114.731 ms
	Integration:            517.957 ms
	Integration of assets:  1.424 ms
	Thread Wait Time:       7.339 ms
	Total Operation Time:   641.452 ms
Unloading 837 unused Assets / (1.0 MB). Loaded Objects now: 21118.
Memory consumption went from 448.1 MB to 447.1 MB.
Total: 42.262091 ms (FindLiveObjects: 1.625562 ms CreateObjectMapping: 1.167841 ms MarkObjects: 38.588019 ms  DeleteObjects: 0.879704 ms)

LightingSettings: switching bake backend from 2 to 1.
Unloading 54 Unused Serialized files (Serialized files now loaded: 0)
[OVRManager] OnDestroy
UnityEngine.Debug:ExtractStackTraceNoAlloc (byte*,int,string)
UnityEngine.StackTraceUtility:ExtractStackTrace () (at /Users/bokken/build/output/unity/unity/Runtime/Export/Scripting/StackTrace.cs:35)
UnityEngine.DebugLogHandler:Internal_Log (UnityEngine.LogType,UnityEngine.LogOption,string,UnityEngine.Object)
UnityEngine.DebugLogHandler:LogFormat (UnityEngine.LogType,UnityEngine.Object,string,object[])
UnityEngine.Logger:Log (UnityEngine.LogType,object)
UnityEngine.Debug:Log (object)
OVRManager:OnDestroy () (at ./Library/PackageCache/com.meta.xr.sdk.core@f4a2a776f923/Scripts/OVRManager.cs:3440)

(Filename: ./Library/PackageCache/com.meta.xr.sdk.core@f4a2a776f923/Scripts/OVRManager.cs Line: 3440)

UnloadTime: 11.329822 ms
Camera "CenterEyeAnchor" does not use a Tracked Pose Driver (Input System), so its transform will not be updated by an XR device.  In order for this to be updated, please add a Tracked Pose Driver (Input System) with bindings for position and rotation of the center eye.
UnityEngine.Debug:ExtractStackTraceNoAlloc (byte*,int,string)
UnityEngine.StackTraceUtility:ExtractStackTrace () (at /Users/bokken/build/output/unity/unity/Runtime/Export/Scripting/StackTrace.cs:35)
UnityEngine.DebugLogHandler:Internal_Log (UnityEngine.LogType,UnityEngine.LogOption,string,UnityEngine.Object)
UnityEngine.DebugLogHandler:LogFormat (UnityEngine.LogType,UnityEngine.Object,string,object[])
UnityEngine.Logger:Log (UnityEngine.LogType,object,UnityEngine.Object)
UnityEngine.Debug:LogWarning (object,UnityEngine.Object)
Unity.XR.CoreUtils.XROrigin:Awake () (at ./Library/PackageCache/com.unity.xr.core-utils@a8b900321199/Runtime/XROrigin.cs:554)

(Filename: ./Library/PackageCache/com.unity.xr.core-utils@a8b900321199/Runtime/XROrigin.cs Line: 554)

Loaded scene 'Assets/_Project/Scenes/TraficAcident_Meta.unity'
	Deserialize:            116.632 ms
	Integration:            556.889 ms
	Integration of assets:  1.390 ms
	Thread Wait Time:       7.123 ms
	Total Operation Time:   682.034 ms
Unloading 837 unused Assets / (1.0 MB). Loaded Objects now: 21118.
Memory consumption went from 448.1 MB to 447.0 MB.
Total: 41.522874 ms (FindLiveObjects: 1.546239 ms CreateObjectMapping: 0.843182 ms MarkObjects: 38.241398 ms  DeleteObjects: 0.890875 ms)

LightingSettings: switching bake backend from 2 to 1.
Unloading 54 Unused Serialized files (Serialized files now loaded: 0)
[OVRManager] OnDestroy
UnityEngine.Debug:ExtractStackTraceNoAlloc (byte*,int,string)
UnityEngine.StackTraceUtility:ExtractStackTrace () (at /Users/bokken/build/output/unity/unity/Runtime/Export/Scripting/StackTrace.cs:35)
UnityEngine.DebugLogHandler:Internal_Log (UnityEngine.LogType,UnityEngine.LogOption,string,UnityEngine.Object)
UnityEngine.DebugLogHandler:LogFormat (UnityEngine.LogType,UnityEngine.Object,string,object[])
UnityEngine.Logger:Log (UnityEngine.LogType,object)
UnityEngine.Debug:Log (object)
OVRManager:OnDestroy () (at ./Library/PackageCache/com.meta.xr.sdk.core@f4a2a776f923/Scripts/OVRManager.cs:3440)

(Filename: ./Library/PackageCache/com.meta.xr.sdk.core@f4a2a776f923/Scripts/OVRManager.cs Line: 3440)

UnloadTime: 11.170020 ms
Camera "CenterEyeAnchor" does not use a Tracked Pose Driver (Input System), so its transform will not be updated by an XR device.  In order for this to be updated, please add a Tracked Pose Driver (Input System) with bindings for position and rotation of the center eye.
UnityEngine.Debug:ExtractStackTraceNoAlloc (byte*,int,string)
UnityEngine.StackTraceUtility:ExtractStackTrace () (at /Users/bokken/build/output/unity/unity/Runtime/Export/Scripting/StackTrace.cs:35)
UnityEngine.DebugLogHandler:Internal_Log (UnityEngine.LogType,UnityEngine.LogOption,string,UnityEngine.Object)
UnityEngine.DebugLogHandler:LogFormat (UnityEngine.LogType,UnityEngine.Object,string,object[])
UnityEngine.Logger:Log (UnityEngine.LogType,object,UnityEngine.Object)
UnityEngine.Debug:LogWarning (object,UnityEngine.Object)
Unity.XR.CoreUtils.XROrigin:Awake () (at ./Library/PackageCache/com.unity.xr.core-utils@a8b900321199/Runtime/XROrigin.cs:554)

(Filename: ./Library/PackageCache/com.unity.xr.core-utils@a8b900321199/Runtime/XROrigin.cs Line: 554)

Loaded scene 'Assets/_Project/Scenes/TraficAcident_Meta.unity'
	Deserialize:            112.123 ms
	Integration:            537.394 ms
	Integration of assets:  1.325 ms
	Thread Wait Time:       8.241 ms
	Total Operation Time:   659.083 ms
Unloading 837 unused Assets / (2.6 MB). Loaded Objects now: 21118.
Memory consumption went from 448.2 MB to 445.6 MB.
Total: 43.303680 ms (FindLiveObjects: 1.918346 ms CreateObjectMapping: 1.336371 ms MarkObjects: 39.019449 ms  DeleteObjects: 1.028455 ms)

LightingSettings: switching bake backend from 2 to 1.
Unloading 54 Unused Serialized files (Serialized files now loaded: 0)
[OVRManager] OnDestroy
UnityEngine.Debug:ExtractStackTraceNoAlloc (byte*,int,string)
UnityEngine.StackTraceUtility:ExtractStackTrace () (at /Users/bokken/build/output/unity/unity/Runtime/Export/Scripting/StackTrace.cs:35)
UnityEngine.DebugLogHandler:Internal_Log (UnityEngine.LogType,UnityEngine.LogOption,string,UnityEngine.Object)
UnityEngine.DebugLogHandler:LogFormat (UnityEngine.LogType,UnityEngine.Object,string,object[])
UnityEngine.Logger:Log (UnityEngine.LogType,object)
UnityEngine.Debug:Log (object)
OVRManager:OnDestroy () (at ./Library/PackageCache/com.meta.xr.sdk.core@f4a2a776f923/Scripts/OVRManager.cs:3440)

(Filename: ./Library/PackageCache/com.meta.xr.sdk.core@f4a2a776f923/Scripts/OVRManager.cs Line: 3440)

UnloadTime: 14.614189 ms
Camera "CenterEyeAnchor" does not use a Tracked Pose Driver (Input System), so its transform will not be updated by an XR device.  In order for this to be updated, please add a Tracked Pose Driver (Input System) with bindings for position and rotation of the center eye.
UnityEngine.Debug:ExtractStackTraceNoAlloc (byte*,int,string)
UnityEngine.StackTraceUtility:ExtractStackTrace () (at /Users/bokken/build/output/unity/unity/Runtime/Export/Scripting/StackTrace.cs:35)
UnityEngine.DebugLogHandler:Internal_Log (UnityEngine.LogType,UnityEngine.LogOption,string,UnityEngine.Object)
UnityEngine.DebugLogHandler:LogFormat (UnityEngine.LogType,UnityEngine.Object,string,object[])
UnityEngine.Logger:Log (UnityEngine.LogType,object,UnityEngine.Object)
UnityEngine.Debug:LogWarning (object,UnityEngine.Object)
Unity.XR.CoreUtils.XROrigin:Awake () (at ./Library/PackageCache/com.unity.xr.core-utils@a8b900321199/Runtime/XROrigin.cs:554)

(Filename: ./Library/PackageCache/com.unity.xr.core-utils@a8b900321199/Runtime/XROrigin.cs Line: 554)

Loaded scene 'Assets/_Project/Scenes/TraficAcident_Meta.unity'
	Deserialize:            119.199 ms
	Integration:            552.222 ms
	Integration of assets:  1.831 ms
	Thread Wait Time:       8.680 ms
	Total Operation Time:   681.932 ms
Unloading 837 unused Assets / (2.7 MB). Loaded Objects now: 21118.
Memory consumption went from 448.2 MB to 445.5 MB.
Total: 41.953507 ms (FindLiveObjects: 1.558399 ms CreateObjectMapping: 0.842338 ms MarkObjects: 38.554539 ms  DeleteObjects: 0.997142 ms)

LightingSettings: switching bake backend from 2 to 1.
Unloading 54 Unused Serialized files (Serialized files now loaded: 0)
[OVRManager] OnDestroy
UnityEngine.Debug:ExtractStackTraceNoAlloc (byte*,int,string)
UnityEngine.StackTraceUtility:ExtractStackTrace () (at /Users/bokken/build/output/unity/unity/Runtime/Export/Scripting/StackTrace.cs:35)
UnityEngine.DebugLogHandler:Internal_Log (UnityEngine.LogType,UnityEngine.LogOption,string,UnityEngine.Object)
UnityEngine.DebugLogHandler:LogFormat (UnityEngine.LogType,UnityEngine.Object,string,object[])
UnityEngine.Logger:Log (UnityEngine.LogType,object)
UnityEngine.Debug:Log (object)
OVRManager:OnDestroy () (at ./Library/PackageCache/com.meta.xr.sdk.core@f4a2a776f923/Scripts/OVRManager.cs:3440)

(Filename: ./Library/PackageCache/com.meta.xr.sdk.core@f4a2a776f923/Scripts/OVRManager.cs Line: 3440)

UnloadTime: 10.601146 ms
Camera "CenterEyeAnchor" does not use a Tracked Pose Driver (Input System), so its transform will not be updated by an XR device.  In order for this to be updated, please add a Tracked Pose Driver (Input System) with bindings for position and rotation of the center eye.
UnityEngine.Debug:ExtractStackTraceNoAlloc (byte*,int,string)
UnityEngine.StackTraceUtility:ExtractStackTrace () (at /Users/bokken/build/output/unity/unity/Runtime/Export/Scripting/StackTrace.cs:35)
UnityEngine.DebugLogHandler:Internal_Log (UnityEngine.LogType,UnityEngine.LogOption,string,UnityEngine.Object)
UnityEngine.DebugLogHandler:LogFormat (UnityEngine.LogType,UnityEngine.Object,string,object[])
UnityEngine.Logger:Log (UnityEngine.LogType,object,UnityEngine.Object)
UnityEngine.Debug:LogWarning (object,UnityEngine.Object)
Unity.XR.CoreUtils.XROrigin:Awake () (at ./Library/PackageCache/com.unity.xr.core-utils@a8b900321199/Runtime/XROrigin.cs:554)

(Filename: ./Library/PackageCache/com.unity.xr.core-utils@a8b900321199/Runtime/XROrigin.cs Line: 554)

Loaded scene 'Assets/_Project/Scenes/TraficAcident_Meta.unity'
	Deserialize:            120.323 ms
	Integration:            587.173 ms
	Integration of assets:  1.524 ms
	Thread Wait Time:       8.056 ms
	Total Operation Time:   717.076 ms
Unloading 837 unused Assets / (2.7 MB). Loaded Objects now: 21118.
Memory consumption went from 448.2 MB to 445.5 MB.
Total: 42.330286 ms (FindLiveObjects: 1.498013 ms CreateObjectMapping: 0.984638 ms MarkObjects: 38.964381 ms  DeleteObjects: 0.882377 ms)

LightingSettings: switching bake backend from 2 to 1.
Unloading 54 Unused Serialized files (Serialized files now loaded: 0)
[OVRManager] OnDestroy
UnityEngine.Debug:ExtractStackTraceNoAlloc (byte*,int,string)
UnityEngine.StackTraceUtility:ExtractStackTrace () (at /Users/bokken/build/output/unity/unity/Runtime/Export/Scripting/StackTrace.cs:35)
UnityEngine.DebugLogHandler:Internal_Log (UnityEngine.LogType,UnityEngine.LogOption,string,UnityEngine.Object)
UnityEngine.DebugLogHandler:LogFormat (UnityEngine.LogType,UnityEngine.Object,string,object[])
UnityEngine.Logger:Log (UnityEngine.LogType,object)
UnityEngine.Debug:Log (object)
OVRManager:OnDestroy () (at ./Library/PackageCache/com.meta.xr.sdk.core@f4a2a776f923/Scripts/OVRManager.cs:3440)

(Filename: ./Library/PackageCache/com.meta.xr.sdk.core@f4a2a776f923/Scripts/OVRManager.cs Line: 3440)

UnloadTime: 11.380010 ms
Camera "CenterEyeAnchor" does not use a Tracked Pose Driver (Input System), so its transform will not be updated by an XR device.  In order for this to be updated, please add a Tracked Pose Driver (Input System) with bindings for position and rotation of the center eye.
UnityEngine.Debug:ExtractStackTraceNoAlloc (byte*,int,string)
UnityEngine.StackTraceUtility:ExtractStackTrace () (at /Users/bokken/build/output/unity/unity/Runtime/Export/Scripting/StackTrace.cs:35)
UnityEngine.DebugLogHandler:Internal_Log (UnityEngine.LogType,UnityEngine.LogOption,string,UnityEngine.Object)
UnityEngine.DebugLogHandler:LogFormat (UnityEngine.LogType,UnityEngine.Object,string,object[])
UnityEngine.Logger:Log (UnityEngine.LogType,object,UnityEngine.Object)
UnityEngine.Debug:LogWarning (object,UnityEngine.Object)
Unity.XR.CoreUtils.XROrigin:Awake () (at ./Library/PackageCache/com.unity.xr.core-utils@a8b900321199/Runtime/XROrigin.cs:554)

(Filename: ./Library/PackageCache/com.unity.xr.core-utils@a8b900321199/Runtime/XROrigin.cs Line: 554)

Loaded scene 'Assets/_Project/Scenes/TraficAcident_Meta.unity'
	Deserialize:            114.493 ms
	Integration:            536.316 ms
	Integration of assets:  1.432 ms
	Thread Wait Time:       7.511 ms
	Total Operation Time:   659.753 ms
Unloading 837 unused Assets / (2.7 MB). Loaded Objects now: 21118.
Memory consumption went from 448.2 MB to 445.5 MB.
Total: 45.292484 ms (FindLiveObjects: 1.815180 ms CreateObjectMapping: 1.241551 ms MarkObjects: 41.319938 ms  DeleteObjects: 0.914350 ms)

LightingSettings: switching bake backend from 2 to 1.
Unloading 54 Unused Serialized files (Serialized files now loaded: 0)
[OVRManager] OnDestroy
UnityEngine.Debug:ExtractStackTraceNoAlloc (byte*,int,string)
UnityEngine.StackTraceUtility:ExtractStackTrace () (at /Users/bokken/build/output/unity/unity/Runtime/Export/Scripting/StackTrace.cs:35)
UnityEngine.DebugLogHandler:Internal_Log (UnityEngine.LogType,UnityEngine.LogOption,string,UnityEngine.Object)
UnityEngine.DebugLogHandler:LogFormat (UnityEngine.LogType,UnityEngine.Object,string,object[])
UnityEngine.Logger:Log (UnityEngine.LogType,object)
UnityEngine.Debug:Log (object)
OVRManager:OnDestroy () (at ./Library/PackageCache/com.meta.xr.sdk.core@f4a2a776f923/Scripts/OVRManager.cs:3440)

(Filename: ./Library/PackageCache/com.meta.xr.sdk.core@f4a2a776f923/Scripts/OVRManager.cs Line: 3440)

UnloadTime: 10.904814 ms
Camera "CenterEyeAnchor" does not use a Tracked Pose Driver (Input System), so its transform will not be updated by an XR device.  In order for this to be updated, please add a Tracked Pose Driver (Input System) with bindings for position and rotation of the center eye.
UnityEngine.Debug:ExtractStackTraceNoAlloc (byte*,int,string)
UnityEngine.StackTraceUtility:ExtractStackTrace () (at /Users/bokken/build/output/unity/unity/Runtime/Export/Scripting/StackTrace.cs:35)
UnityEngine.DebugLogHandler:Internal_Log (UnityEngine.LogType,UnityEngine.LogOption,string,UnityEngine.Object)
UnityEngine.DebugLogHandler:LogFormat (UnityEngine.LogType,UnityEngine.Object,string,object[])
UnityEngine.Logger:Log (UnityEngine.LogType,object,UnityEngine.Object)
UnityEngine.Debug:LogWarning (object,UnityEngine.Object)
Unity.XR.CoreUtils.XROrigin:Awake () (at ./Library/PackageCache/com.unity.xr.core-utils@a8b900321199/Runtime/XROrigin.cs:554)

(Filename: ./Library/PackageCache/com.unity.xr.core-utils@a8b900321199/Runtime/XROrigin.cs Line: 554)

Loaded scene 'Assets/_Project/Scenes/TraficAcident_Meta.unity'
	Deserialize:            118.027 ms
	Integration:            508.330 ms
	Integration of assets:  1.409 ms
	Thread Wait Time:       7.856 ms
	Total Operation Time:   635.621 ms
Unloading 834 unused Assets / (1.1 MB). Loaded Objects now: 21105.
Memory consumption went from 448.4 MB to 447.3 MB.
Total: 40.669905 ms (FindLiveObjects: 1.434581 ms CreateObjectMapping: 0.839656 ms MarkObjects: 37.564680 ms  DeleteObjects: 0.829964 ms)

LightingSettings: switching bake backend from 2 to 1.
Unloading 51 Unused Serialized files (Serialized files now loaded: 0)
[OVRManager] OnDestroy
UnityEngine.Debug:ExtractStackTraceNoAlloc (byte*,int,string)
UnityEngine.StackTraceUtility:ExtractStackTrace () (at /Users/bokken/build/output/unity/unity/Runtime/Export/Scripting/StackTrace.cs:35)
UnityEngine.DebugLogHandler:Internal_Log (UnityEngine.LogType,UnityEngine.LogOption,string,UnityEngine.Object)
UnityEngine.DebugLogHandler:LogFormat (UnityEngine.LogType,UnityEngine.Object,string,object[])
UnityEngine.Logger:Log (UnityEngine.LogType,object)
UnityEngine.Debug:Log (object)
OVRManager:OnDestroy () (at ./Library/PackageCache/com.meta.xr.sdk.core@f4a2a776f923/Scripts/OVRManager.cs:3440)

(Filename: ./Library/PackageCache/com.meta.xr.sdk.core@f4a2a776f923/Scripts/OVRManager.cs Line: 3440)

UnloadTime: 14.173449 ms
Camera "CenterEyeAnchor" does not use a Tracked Pose Driver (Input System), so its transform will not be updated by an XR device.  In order for this to be updated, please add a Tracked Pose Driver (Input System) with bindings for position and rotation of the center eye.
UnityEngine.Debug:ExtractStackTraceNoAlloc (byte*,int,string)
UnityEngine.StackTraceUtility:ExtractStackTrace () (at /Users/bokken/build/output/unity/unity/Runtime/Export/Scripting/StackTrace.cs:35)
UnityEngine.DebugLogHandler:Internal_Log (UnityEngine.LogType,UnityEngine.LogOption,string,UnityEngine.Object)
UnityEngine.DebugLogHandler:LogFormat (UnityEngine.LogType,UnityEngine.Object,string,object[])
UnityEngine.Logger:Log (UnityEngine.LogType,object,UnityEngine.Object)
UnityEngine.Debug:LogWarning (object,UnityEngine.Object)
Unity.XR.CoreUtils.XROrigin:Awake () (at ./Library/PackageCache/com.unity.xr.core-utils@a8b900321199/Runtime/XROrigin.cs:554)

(Filename: ./Library/PackageCache/com.unity.xr.core-utils@a8b900321199/Runtime/XROrigin.cs Line: 554)

Loaded scene 'Assets/_Project/Scenes/TraficAcident_Meta.unity'
	Deserialize:            118.587 ms
	Integration:            519.907 ms
	Integration of assets:  1.650 ms
	Thread Wait Time:       10.493 ms
	Total Operation Time:   650.636 ms
Unloading 821 unused Assets / (1.0 MB). Loaded Objects now: 21118.
Memory consumption went from 448.1 MB to 447.2 MB.
Total: 41.357468 ms (FindLiveObjects: 1.496221 ms CreateObjectMapping: 0.915379 ms MarkObjects: 38.193182 ms  DeleteObjects: 0.751709 ms)

LightingSettings: switching bake backend from 2 to 1.
Unloading 54 Unused Serialized files (Serialized files now loaded: 0)
[OVRManager] OnDestroy
UnityEngine.Debug:ExtractStackTraceNoAlloc (byte*,int,string)
UnityEngine.StackTraceUtility:ExtractStackTrace () (at /Users/bokken/build/output/unity/unity/Runtime/Export/Scripting/StackTrace.cs:35)
UnityEngine.DebugLogHandler:Internal_Log (UnityEngine.LogType,UnityEngine.LogOption,string,UnityEngine.Object)
UnityEngine.DebugLogHandler:LogFormat (UnityEngine.LogType,UnityEngine.Object,string,object[])
UnityEngine.Logger:Log (UnityEngine.LogType,object)
UnityEngine.Debug:Log (object)
OVRManager:OnDestroy () (at ./Library/PackageCache/com.meta.xr.sdk.core@f4a2a776f923/Scripts/OVRManager.cs:3440)

(Filename: ./Library/PackageCache/com.meta.xr.sdk.core@f4a2a776f923/Scripts/OVRManager.cs Line: 3440)

UnloadTime: 10.249307 ms
Camera "CenterEyeAnchor" does not use a Tracked Pose Driver (Input System), so its transform will not be updated by an XR device.  In order for this to be updated, please add a Tracked Pose Driver (Input System) with bindings for position and rotation of the center eye.
UnityEngine.Debug:ExtractStackTraceNoAlloc (byte*,int,string)
UnityEngine.StackTraceUtility:ExtractStackTrace () (at /Users/bokken/build/output/unity/unity/Runtime/Export/Scripting/StackTrace.cs:35)
UnityEngine.DebugLogHandler:Internal_Log (UnityEngine.LogType,UnityEngine.LogOption,string,UnityEngine.Object)
UnityEngine.DebugLogHandler:LogFormat (UnityEngine.LogType,UnityEngine.Object,string,object[])
UnityEngine.Logger:Log (UnityEngine.LogType,object,UnityEngine.Object)
UnityEngine.Debug:LogWarning (object,UnityEngine.Object)
Unity.XR.CoreUtils.XROrigin:Awake () (at ./Library/PackageCache/com.unity.xr.core-utils@a8b900321199/Runtime/XROrigin.cs:554)

(Filename: ./Library/PackageCache/com.unity.xr.core-utils@a8b900321199/Runtime/XROrigin.cs Line: 554)

Loaded scene 'Assets/_Project/Scenes/TraficAcident_Meta.unity'
	Deserialize:            112.449 ms
	Integration:            513.528 ms
	Integration of assets:  1.391 ms
	Thread Wait Time:       6.589 ms
	Total Operation Time:   633.957 ms
Unloading 834 unused Assets / (1.0 MB). Loaded Objects now: 21105.
Memory consumption went from 448.1 MB to 447.1 MB.
Total: 42.771962 ms (FindLiveObjects: 1.853365 ms CreateObjectMapping: 1.223224 ms MarkObjects: 38.760408 ms  DeleteObjects: 0.933886 ms)

Unloading 5 Unused Serialized files (Serialized files now loaded: 0)
[OVRManager] OnDestroy
UnityEngine.Debug:ExtractStackTraceNoAlloc (byte*,int,string)
UnityEngine.StackTraceUtility:ExtractStackTrace () (at /Users/bokken/build/output/unity/unity/Runtime/Export/Scripting/StackTrace.cs:35)
UnityEngine.DebugLogHandler:Internal_Log (UnityEngine.LogType,UnityEngine.LogOption,string,UnityEngine.Object)
UnityEngine.DebugLogHandler:LogFormat (UnityEngine.LogType,UnityEngine.Object,string,object[])
UnityEngine.Logger:Log (UnityEngine.LogType,object)
UnityEngine.Debug:Log (object)
OVRManager:OnDestroy () (at ./Library/PackageCache/com.meta.xr.sdk.core@f4a2a776f923/Scripts/OVRManager.cs:3440)

(Filename: ./Library/PackageCache/com.meta.xr.sdk.core@f4a2a776f923/Scripts/OVRManager.cs Line: 3440)

UnloadTime: 11.190346 ms
Loaded scene 'Assets/_Project/Scenes/TraficAcidentTitle_Meta.unity'
	Deserialize:            32.808 ms
	Integration:            482.431 ms
	Integration of assets:  0.120 ms
	Thread Wait Time:       5.030 ms
	Total Operation Time:   520.389 ms
Unloading 1145 unused Assets / (60.0 MB). Loaded Objects now: 13388.
Memory consumption went from 438.7 MB to 378.7 MB.
Total: 47.205463 ms (FindLiveObjects: 0.999758 ms CreateObjectMapping: 0.934180 ms MarkObjects: 40.395783 ms  DeleteObjects: 4.874638 ms)

LightingSettings: switching bake backend from 2 to 1.
Unloading 272 Unused Serialized files (Serialized files now loaded: 0)
[OVRManager] OnDestroy
UnityEngine.Debug:ExtractStackTraceNoAlloc (byte*,int,string)
UnityEngine.StackTraceUtility:ExtractStackTrace () (at /Users/bokken/build/output/unity/unity/Runtime/Export/Scripting/StackTrace.cs:35)
UnityEngine.DebugLogHandler:Internal_Log (UnityEngine.LogType,UnityEngine.LogOption,string,UnityEngine.Object)
UnityEngine.DebugLogHandler:LogFormat (UnityEngine.LogType,UnityEngine.Object,string,object[])
UnityEngine.Logger:Log (UnityEngine.LogType,object)
UnityEngine.Debug:Log (object)
OVRManager:OnDestroy () (at ./Library/PackageCache/com.meta.xr.sdk.core@f4a2a776f923/Scripts/OVRManager.cs:3440)

(Filename: ./Library/PackageCache/com.meta.xr.sdk.core@f4a2a776f923/Scripts/OVRManager.cs Line: 3440)

UnloadTime: 9.146577 ms
Camera "CenterEyeAnchor" does not use a Tracked Pose Driver (Input System), so its transform will not be updated by an XR device.  In order for this to be updated, please add a Tracked Pose Driver (Input System) with bindings for position and rotation of the center eye.
UnityEngine.Debug:ExtractStackTraceNoAlloc (byte*,int,string)
UnityEngine.StackTraceUtility:ExtractStackTrace () (at /Users/bokken/build/output/unity/unity/Runtime/Export/Scripting/StackTrace.cs:35)
UnityEngine.DebugLogHandler:Internal_Log (UnityEngine.LogType,UnityEngine.LogOption,string,UnityEngine.Object)
UnityEngine.DebugLogHandler:LogFormat (UnityEngine.LogType,UnityEngine.Object,string,object[])
UnityEngine.Logger:Log (UnityEngine.LogType,object,UnityEngine.Object)
UnityEngine.Debug:LogWarning (object,UnityEngine.Object)
Unity.XR.CoreUtils.XROrigin:Awake () (at ./Library/PackageCache/com.unity.xr.core-utils@a8b900321199/Runtime/XROrigin.cs:554)

(Filename: ./Library/PackageCache/com.unity.xr.core-utils@a8b900321199/Runtime/XROrigin.cs Line: 554)

Loaded scene 'Assets/_Project/Scenes/TraficAcident_Meta.unity'
	Deserialize:            194.880 ms
	Integration:            952.350 ms
	Integration of assets:  6.829 ms
	Thread Wait Time:       6.872 ms
	Total Operation Time:   1160.930 ms
Unloading 816 unused Assets / (1.3 MB). Loaded Objects now: 21105.
Memory consumption went from 444.6 MB to 443.3 MB.
Total: 41.320741 ms (FindLiveObjects: 1.660185 ms CreateObjectMapping: 0.999763 ms MarkObjects: 37.909840 ms  DeleteObjects: 0.749936 ms)

LightingSettings: switching bake backend from 2 to 1.
Unloading 51 Unused Serialized files (Serialized files now loaded: 0)
[OVRManager] OnDestroy
UnityEngine.Debug:ExtractStackTraceNoAlloc (byte*,int,string)
UnityEngine.StackTraceUtility:ExtractStackTrace () (at /Users/bokken/build/output/unity/unity/Runtime/Export/Scripting/StackTrace.cs:35)
UnityEngine.DebugLogHandler:Internal_Log (UnityEngine.LogType,UnityEngine.LogOption,string,UnityEngine.Object)
UnityEngine.DebugLogHandler:LogFormat (UnityEngine.LogType,UnityEngine.Object,string,object[])
UnityEngine.Logger:Log (UnityEngine.LogType,object)
UnityEngine.Debug:Log (object)
OVRManager:OnDestroy () (at ./Library/PackageCache/com.meta.xr.sdk.core@f4a2a776f923/Scripts/OVRManager.cs:3440)

(Filename: ./Library/PackageCache/com.meta.xr.sdk.core@f4a2a776f923/Scripts/OVRManager.cs Line: 3440)

UnloadTime: 10.202071 ms
Camera "CenterEyeAnchor" does not use a Tracked Pose Driver (Input System), so its transform will not be updated by an XR device.  In order for this to be updated, please add a Tracked Pose Driver (Input System) with bindings for position and rotation of the center eye.
UnityEngine.Debug:ExtractStackTraceNoAlloc (byte*,int,string)
UnityEngine.StackTraceUtility:ExtractStackTrace () (at /Users/bokken/build/output/unity/unity/Runtime/Export/Scripting/StackTrace.cs:35)
UnityEngine.DebugLogHandler:Internal_Log (UnityEngine.LogType,UnityEngine.LogOption,string,UnityEngine.Object)
UnityEngine.DebugLogHandler:LogFormat (UnityEngine.LogType,UnityEngine.Object,string,object[])
UnityEngine.Logger:Log (UnityEngine.LogType,object,UnityEngine.Object)
UnityEngine.Debug:LogWarning (object,UnityEngine.Object)
Unity.XR.CoreUtils.XROrigin:Awake () (at ./Library/PackageCache/com.unity.xr.core-utils@a8b900321199/Runtime/XROrigin.cs:554)

(Filename: ./Library/PackageCache/com.unity.xr.core-utils@a8b900321199/Runtime/XROrigin.cs Line: 554)

Loaded scene 'Assets/_Project/Scenes/TraficAcident_Meta.unity'
	Deserialize:            110.343 ms
	Integration:            499.212 ms
	Integration of assets:  1.296 ms
	Thread Wait Time:       5.984 ms
	Total Operation Time:   616.835 ms
Unloading 817 unused Assets / (0.5 MB). Loaded Objects now: 21106.
Memory consumption went from 448.3 MB to 447.8 MB.
Total: 41.067828 ms (FindLiveObjects: 1.524784 ms CreateObjectMapping: 0.810063 ms MarkObjects: 38.032532 ms  DeleteObjects: 0.699466 ms)

LightingSettings: switching bake backend from 2 to 1.
Unloading 51 Unused Serialized files (Serialized files now loaded: 0)
[OVRManager] OnDestroy
UnityEngine.Debug:ExtractStackTraceNoAlloc (byte*,int,string)
UnityEngine.StackTraceUtility:ExtractStackTrace () (at /Users/bokken/build/output/unity/unity/Runtime/Export/Scripting/StackTrace.cs:35)
UnityEngine.DebugLogHandler:Internal_Log (UnityEngine.LogType,UnityEngine.LogOption,string,UnityEngine.Object)
UnityEngine.DebugLogHandler:LogFormat (UnityEngine.LogType,UnityEngine.Object,string,object[])
UnityEngine.Logger:Log (UnityEngine.LogType,object)
UnityEngine.Debug:Log (object)
OVRManager:OnDestroy () (at ./Library/PackageCache/com.meta.xr.sdk.core@f4a2a776f923/Scripts/OVRManager.cs:3440)

(Filename: ./Library/PackageCache/com.meta.xr.sdk.core@f4a2a776f923/Scripts/OVRManager.cs Line: 3440)

UnloadTime: 10.861769 ms
Camera "CenterEyeAnchor" does not use a Tracked Pose Driver (Input System), so its transform will not be updated by an XR device.  In order for this to be updated, please add a Tracked Pose Driver (Input System) with bindings for position and rotation of the center eye.
UnityEngine.Debug:ExtractStackTraceNoAlloc (byte*,int,string)
UnityEngine.StackTraceUtility:ExtractStackTrace () (at /Users/bokken/build/output/unity/unity/Runtime/Export/Scripting/StackTrace.cs:35)
UnityEngine.DebugLogHandler:Internal_Log (UnityEngine.LogType,UnityEngine.LogOption,string,UnityEngine.Object)
UnityEngine.DebugLogHandler:LogFormat (UnityEngine.LogType,UnityEngine.Object,string,object[])
UnityEngine.Logger:Log (UnityEngine.LogType,object,UnityEngine.Object)
UnityEngine.Debug:LogWarning (object,UnityEngine.Object)
Unity.XR.CoreUtils.XROrigin:Awake () (at ./Library/PackageCache/com.unity.xr.core-utils@a8b900321199/Runtime/XROrigin.cs:554)

(Filename: ./Library/PackageCache/com.unity.xr.core-utils@a8b900321199/Runtime/XROrigin.cs Line: 554)

Loaded scene 'Assets/_Project/Scenes/TraficAcident_Meta.unity'
	Deserialize:            112.515 ms
	Integration:            499.768 ms
	Integration of assets:  1.417 ms
	Thread Wait Time:       33.473 ms
	Total Operation Time:   647.174 ms
Unloading 818 unused Assets / (2.6 MB). Loaded Objects now: 21106.
Memory consumption went from 449.0 MB to 446.4 MB.
Total: 40.464210 ms (FindLiveObjects: 1.804957 ms CreateObjectMapping: 1.091215 ms MarkObjects: 36.830138 ms  DeleteObjects: 0.736930 ms)

LightingSettings: switching bake backend from 2 to 1.
Unloading 51 Unused Serialized files (Serialized files now loaded: 0)
[OVRManager] OnDestroy
UnityEngine.Debug:ExtractStackTraceNoAlloc (byte*,int,string)
UnityEngine.StackTraceUtility:ExtractStackTrace () (at /Users/bokken/build/output/unity/unity/Runtime/Export/Scripting/StackTrace.cs:35)
UnityEngine.DebugLogHandler:Internal_Log (UnityEngine.LogType,UnityEngine.LogOption,string,UnityEngine.Object)
UnityEngine.DebugLogHandler:LogFormat (UnityEngine.LogType,UnityEngine.Object,string,object[])
UnityEngine.Logger:Log (UnityEngine.LogType,object)
UnityEngine.Debug:Log (object)
OVRManager:OnDestroy () (at ./Library/PackageCache/com.meta.xr.sdk.core@f4a2a776f923/Scripts/OVRManager.cs:3440)

(Filename: ./Library/PackageCache/com.meta.xr.sdk.core@f4a2a776f923/Scripts/OVRManager.cs Line: 3440)

UnloadTime: 10.971752 ms
Camera "CenterEyeAnchor" does not use a Tracked Pose Driver (Input System), so its transform will not be updated by an XR device.  In order for this to be updated, please add a Tracked Pose Driver (Input System) with bindings for position and rotation of the center eye.
UnityEngine.Debug:ExtractStackTraceNoAlloc (byte*,int,string)
UnityEngine.StackTraceUtility:ExtractStackTrace () (at /Users/bokken/build/output/unity/unity/Runtime/Export/Scripting/StackTrace.cs:35)
UnityEngine.DebugLogHandler:Internal_Log (UnityEngine.LogType,UnityEngine.LogOption,string,UnityEngine.Object)
UnityEngine.DebugLogHandler:LogFormat (UnityEngine.LogType,UnityEngine.Object,string,object[])
UnityEngine.Logger:Log (UnityEngine.LogType,object,UnityEngine.Object)
UnityEngine.Debug:LogWarning (object,UnityEngine.Object)
Unity.XR.CoreUtils.XROrigin:Awake () (at ./Library/PackageCache/com.unity.xr.core-utils@a8b900321199/Runtime/XROrigin.cs:554)

(Filename: ./Library/PackageCache/com.unity.xr.core-utils@a8b900321199/Runtime/XROrigin.cs Line: 554)

Loaded scene 'Assets/_Project/Scenes/TraficAcident_Meta.unity'
	Deserialize:            112.831 ms
	Integration:            510.758 ms
	Integration of assets:  1.421 ms
	Thread Wait Time:       13.334 ms
	Total Operation Time:   638.343 ms
Unloading 818 unused Assets / (1.0 MB). Loaded Objects now: 21106.
Memory consumption went from 448.7 MB to 447.7 MB.
Total: 41.309847 ms (FindLiveObjects: 1.849209 ms CreateObjectMapping: 1.159026 ms MarkObjects: 37.560539 ms  DeleteObjects: 0.739735 ms)

LightingSettings: switching bake backend from 2 to 1.
Unloading 51 Unused Serialized files (Serialized files now loaded: 0)
[OVRManager] OnDestroy
UnityEngine.Debug:ExtractStackTraceNoAlloc (byte*,int,string)
UnityEngine.StackTraceUtility:ExtractStackTrace () (at /Users/bokken/build/output/unity/unity/Runtime/Export/Scripting/StackTrace.cs:35)
UnityEngine.DebugLogHandler:Internal_Log (UnityEngine.LogType,UnityEngine.LogOption,string,UnityEngine.Object)
UnityEngine.DebugLogHandler:LogFormat (UnityEngine.LogType,UnityEngine.Object,string,object[])
UnityEngine.Logger:Log (UnityEngine.LogType,object)
UnityEngine.Debug:Log (object)
OVRManager:OnDestroy () (at ./Library/PackageCache/com.meta.xr.sdk.core@f4a2a776f923/Scripts/OVRManager.cs:3440)

(Filename: ./Library/PackageCache/com.meta.xr.sdk.core@f4a2a776f923/Scripts/OVRManager.cs Line: 3440)

UnloadTime: 12.045266 ms
Camera "CenterEyeAnchor" does not use a Tracked Pose Driver (Input System), so its transform will not be updated by an XR device.  In order for this to be updated, please add a Tracked Pose Driver (Input System) with bindings for position and rotation of the center eye.
UnityEngine.Debug:ExtractStackTraceNoAlloc (byte*,int,string)
UnityEngine.StackTraceUtility:ExtractStackTrace () (at /Users/bokken/build/output/unity/unity/Runtime/Export/Scripting/StackTrace.cs:35)
UnityEngine.DebugLogHandler:Internal_Log (UnityEngine.LogType,UnityEngine.LogOption,string,UnityEngine.Object)
UnityEngine.DebugLogHandler:LogFormat (UnityEngine.LogType,UnityEngine.Object,string,object[])
UnityEngine.Logger:Log (UnityEngine.LogType,object,UnityEngine.Object)
UnityEngine.Debug:LogWarning (object,UnityEngine.Object)
Unity.XR.CoreUtils.XROrigin:Awake () (at ./Library/PackageCache/com.unity.xr.core-utils@a8b900321199/Runtime/XROrigin.cs:554)

(Filename: ./Library/PackageCache/com.unity.xr.core-utils@a8b900321199/Runtime/XROrigin.cs Line: 554)

Loaded scene 'Assets/_Project/Scenes/TraficAcident_Meta.unity'
	Deserialize:            115.519 ms
	Integration:            506.868 ms
	Integration of assets:  1.562 ms
	Thread Wait Time:       30.444 ms
	Total Operation Time:   654.393 ms
Unloading 818 unused Assets / (0.9 MB). Loaded Objects now: 21106.
Memory consumption went from 449.0 MB to 448.1 MB.
Total: 41.917777 ms (FindLiveObjects: 1.809625 ms CreateObjectMapping: 1.197892 ms MarkObjects: 37.981181 ms  DeleteObjects: 0.928035 ms)

LightingSettings: switching bake backend from 2 to 1.
Unloading 51 Unused Serialized files (Serialized files now loaded: 0)
[OVRManager] OnDestroy
UnityEngine.Debug:ExtractStackTraceNoAlloc (byte*,int,string)
UnityEngine.StackTraceUtility:ExtractStackTrace () (at /Users/bokken/build/output/unity/unity/Runtime/Export/Scripting/StackTrace.cs:35)
UnityEngine.DebugLogHandler:Internal_Log (UnityEngine.LogType,UnityEngine.LogOption,string,UnityEngine.Object)
UnityEngine.DebugLogHandler:LogFormat (UnityEngine.LogType,UnityEngine.Object,string,object[])
UnityEngine.Logger:Log (UnityEngine.LogType,object)
UnityEngine.Debug:Log (object)
OVRManager:OnDestroy () (at ./Library/PackageCache/com.meta.xr.sdk.core@f4a2a776f923/Scripts/OVRManager.cs:3440)

(Filename: ./Library/PackageCache/com.meta.xr.sdk.core@f4a2a776f923/Scripts/OVRManager.cs Line: 3440)

UnloadTime: 10.650404 ms
Camera "CenterEyeAnchor" does not use a Tracked Pose Driver (Input System), so its transform will not be updated by an XR device.  In order for this to be updated, please add a Tracked Pose Driver (Input System) with bindings for position and rotation of the center eye.
UnityEngine.Debug:ExtractStackTraceNoAlloc (byte*,int,string)
UnityEngine.StackTraceUtility:ExtractStackTrace () (at /Users/bokken/build/output/unity/unity/Runtime/Export/Scripting/StackTrace.cs:35)
UnityEngine.DebugLogHandler:Internal_Log (UnityEngine.LogType,UnityEngine.LogOption,string,UnityEngine.Object)
UnityEngine.DebugLogHandler:LogFormat (UnityEngine.LogType,UnityEngine.Object,string,object[])
UnityEngine.Logger:Log (UnityEngine.LogType,object,UnityEngine.Object)
UnityEngine.Debug:LogWarning (object,UnityEngine.Object)
Unity.XR.CoreUtils.XROrigin:Awake () (at ./Library/PackageCache/com.unity.xr.core-utils@a8b900321199/Runtime/XROrigin.cs:554)

(Filename: ./Library/PackageCache/com.unity.xr.core-utils@a8b900321199/Runtime/XROrigin.cs Line: 554)

Loaded scene 'Assets/_Project/Scenes/TraficAcident_Meta.unity'
	Deserialize:            114.017 ms
	Integration:            525.860 ms
	Integration of assets:  1.326 ms
	Thread Wait Time:       11.278 ms
	Total Operation Time:   652.480 ms
Unloading 818 unused Assets / (0.9 MB). Loaded Objects now: 21106.
Memory consumption went from 449.0 MB to 448.1 MB.
Total: 39.266860 ms (FindLiveObjects: 1.478337 ms CreateObjectMapping: 0.808025 ms MarkObjects: 36.234514 ms  DeleteObjects: 0.745119 ms)

Saving results to: /Users/xinyu/Library/Application Support/DefaultCompany/VRLearn/TestResults.xml
Saving results to: /Users/xinyu/VRLearn/Docs/Audit-20260908/playmode-results.xml
[OVRManager] OnApplicationQuit
UnityEngine.Debug:ExtractStackTraceNoAlloc (byte*,int,string)
UnityEngine.StackTraceUtility:ExtractStackTrace () (at /Users/bokken/build/output/unity/unity/Runtime/Export/Scripting/StackTrace.cs:35)
UnityEngine.DebugLogHandler:Internal_Log (UnityEngine.LogType,UnityEngine.LogOption,string,UnityEngine.Object)
UnityEngine.DebugLogHandler:LogFormat (UnityEngine.LogType,UnityEngine.Object,string,object[])
UnityEngine.Logger:Log (UnityEngine.LogType,object)
UnityEngine.Debug:Log (object)
OVRManager:OnApplicationQuit () (at ./Library/PackageCache/com.meta.xr.sdk.core@f4a2a776f923/Scripts/OVRManager.cs:3473)

(Filename: ./Library/PackageCache/com.meta.xr.sdk.core@f4a2a776f923/Scripts/OVRManager.cs Line: 3473)

<color=#ff7337><color=#0099bc><b>DOTWEEN ► </b></color> SAFE MODE ►</color> DOTween's safe mode captured 2733 errors. This is usually ok (it's what safe mode is there for) but if your game is encountering issues you should set Log Behaviour to Default in DOTween Utility Panel in order to get detailed warnings when an error is captured (consider that these errors are always on the user side).
- 2733 errors inside callbacks (these might be important)
UnityEngine.Debug:ExtractStackTraceNoAlloc (byte*,int,string)
UnityEngine.StackTraceUtility:ExtractStackTrace () (at /Users/bokken/build/output/unity/unity/Runtime/Export/Scripting/StackTrace.cs:35)
UnityEngine.DebugLogHandler:Internal_Log (UnityEngine.LogType,UnityEngine.LogOption,string,UnityEngine.Object)
UnityEngine.DebugLogHandler:LogFormat (UnityEngine.LogType,UnityEngine.Object,string,object[])
UnityEngine.Logger:Log (UnityEngine.LogType,object)
UnityEngine.Debug:LogWarning (object)
DG.Tweening.Core.Debugger:LogSafeModeReport (object)
DG.Tweening.Core.DOTweenComponent:OnDestroy ()

[OVRManager] OnDestroy
UnityEngine.Debug:ExtractStackTraceNoAlloc (byte*,int,string)
UnityEngine.StackTraceUtility:ExtractStackTrace () (at /Users/bokken/build/output/unity/unity/Runtime/Export/Scripting/StackTrace.cs:35)
UnityEngine.DebugLogHandler:Internal_Log (UnityEngine.LogType,UnityEngine.LogOption,string,UnityEngine.Object)
UnityEngine.DebugLogHandler:LogFormat (UnityEngine.LogType,UnityEngine.Object,string,object[])
UnityEngine.Logger:Log (UnityEngine.LogType,object)
UnityEngine.Debug:Log (object)
OVRManager:OnDestroy () (at ./Library/PackageCache/com.meta.xr.sdk.core@f4a2a776f923/Scripts/OVRManager.cs:3440)

(Filename: ./Library/PackageCache/com.meta.xr.sdk.core@f4a2a776f923/Scripts/OVRManager.cs Line: 3440)

Unloading 2 Unused Serialized files (Serialized files now loaded: 0)
Loaded scene 'Temp/__Backupscenes/0.backup'
	Deserialize:            0.619 ms
	Integration:            439.640 ms
	Integration of assets:  0.002 ms
	Thread Wait Time:       0.048 ms
	Total Operation Time:   440.309 ms
Unloading 1115 unused Assets / (54.4 MB). Loaded Objects now: 11954.
Memory consumption went from 434.0 MB to 379.6 MB.
Total: 43.718619 ms (FindLiveObjects: 0.823341 ms CreateObjectMapping: 1.251830 ms MarkObjects: 39.320771 ms  DeleteObjects: 2.321656 ms)

[Licensing::Client] Successfully resolved entitlement details
[Licensing::Client] Successfully resolved entitlement details
Executing IPostBuildCleanup for: Unity.PerformanceTesting.Editor.TestRunBuilder.
UnityEngine.Debug:ExtractStackTraceNoAlloc (byte*,int,string)
UnityEngine.StackTraceUtility:ExtractStackTrace () (at /Users/bokken/build/output/unity/unity/Runtime/Export/Scripting/StackTrace.cs:35)
UnityEngine.DebugLogHandler:Internal_Log (UnityEngine.LogType,UnityEngine.LogOption,string,UnityEngine.Object)
UnityEngine.DebugLogHandler:LogFormat (UnityEngine.LogType,UnityEngine.Object,string,object[])
UnityEngine.Logger:Log (UnityEngine.LogType,object)
UnityEngine.Debug:Log (object)
UnityEditor.TestTools.TestRunner.TestRun.Tasks.BuildActionTaskBase`1/<ExecuteMethods>d__8<UnityEngine.TestTools.IPostBuildCleanup>:MoveNext () (at ./Library/PackageCache/com.unity.test-framework@bd7f943e9647/UnityEditor.TestRunner/TestRun/Tasks/BuildActionTaskBase.cs:48)
UnityEditor.TestTools.TestRunner.TestRun.Tasks.BuildActionTaskBase`1/<Execute>d__7<UnityEngine.TestTools.IPostBuildCleanup>:MoveNext () (at ./Library/PackageCache/com.unity.test-framework@bd7f943e9647/UnityEditor.TestRunner/TestRun/Tasks/BuildActionTaskBase.cs:34)
UnityEditor.TestTools.TestRunner.TestRun.TestJobRunner:ExecuteStep () (at ./Library/PackageCache/com.unity.test-framework@bd7f943e9647/UnityEditor.TestRunner/TestRun/TestJobRunner.cs:173)
UnityEditor.TestTools.TestRunner.TestRun.TestJobRunner:ExecuteCallback () (at ./Library/PackageCache/com.unity.test-framework@bd7f943e9647/UnityEditor.TestRunner/TestRun/TestJobRunner.cs:108)
UnityEditor.EditorApplication:Internal_CallUpdateFunctions () (at /Users/bokken/build/output/unity/unity/Editor/Mono/EditorApplication.cs:392)

(Filename: ./Library/PackageCache/com.unity.test-framework@bd7f943e9647/UnityEditor.TestRunner/TestRun/Tasks/BuildActionTaskBase.cs Line: 48)

Unloading 5 Unused Serialized files (Serialized files now loaded: 0)
Unloading 0 unused Assets / (0 B). Loaded Objects now: 11964.
Memory consumption went from 368.6 MB to 368.6 MB.
Total: 39.456111 ms (FindLiveObjects: 0.574724 ms CreateObjectMapping: 0.525034 ms MarkObjects: 38.329248 ms  DeleteObjects: 0.025978 ms)

Refreshing native plugins compatible for Editor in 6.09 ms, found 12 plugins.
Preloading 0 native plugins for Editor in 0.00 ms.
Asset Pipeline Refresh (id=7e58ee34944cb4c83b478f8aca6fb541): Total: 0.129 seconds - Initiated by StopAssetImportingV2(NoUpdateAssetOptions)
DisplayProgressbar: Undo
Test run completed. Exiting with code 0 (Ok). Run completed.
UnityEngine.Debug:ExtractStackTraceNoAlloc (byte*,int,string)
UnityEngine.StackTraceUtility:ExtractStackTrace () (at /Users/bokken/build/output/unity/unity/Runtime/Export/Scripting/StackTrace.cs:35)
UnityEngine.DebugLogHandler:Internal_Log (UnityEngine.LogType,UnityEngine.LogOption,string,UnityEngine.Object)
UnityEngine.DebugLogHandler:LogFormat (UnityEngine.LogType,UnityEngine.Object,string,object[])
UnityEngine.Logger:Log (UnityEngine.LogType,object)
UnityEngine.Debug:Log (object)
UnityEditor.TestTools.TestRunner.CommandLineTest.Executer:ExitApplication (UnityEditor.TestTools.TestRunner.CommandLineTest.Executer/ReturnCodes,string) (at ./Library/PackageCache/com.unity.test-framework@bd7f943e9647/UnityEditor.TestRunner/CommandLineTest/Executer.cs:81)
UnityEditor.TestTools.TestRunner.CommandLineTest.Executer:ExitIfRunIsCompleted () (at ./Library/PackageCache/com.unity.test-framework@bd7f943e9647/UnityEditor.TestRunner/CommandLineTest/Executer.cs:74)
UnityEditor.EditorApplication:Internal_CallUpdateFunctions () (at /Users/bokken/build/output/unity/unity/Editor/Mono/EditorApplication.cs:392)

(Filename: ./Library/PackageCache/com.unity.test-framework@bd7f943e9647/UnityEditor.TestRunner/CommandLineTest/Executer.cs Line: 81)

Font Asset [LiberationSans SDF - Fallback] Units Per EM set to 2048. Please commit the newly serialized value.
UnityEngine.Debug:ExtractStackTraceNoAlloc (byte*,int,string)
UnityEngine.StackTraceUtility:ExtractStackTrace () (at /Users/bokken/build/output/unity/unity/Runtime/Export/Scripting/StackTrace.cs:35)
UnityEngine.DebugLogHandler:Internal_Log (UnityEngine.LogType,UnityEngine.LogOption,string,UnityEngine.Object)
UnityEngine.DebugLogHandler:LogFormat (UnityEngine.LogType,UnityEngine.Object,string,object[])
UnityEngine.Logger:Log (UnityEngine.LogType,object)
UnityEngine.Debug:Log (object)
TMPro.TMP_FontAsset:ReadFontAssetDefinition () (at ./Library/PackageCache/com.unity.ugui@b95364aab964/Runtime/TMP/TMP_FontAsset.cs:819)
TMPro.TMP_FontAsset:OnValidate () (at ./Library/PackageCache/com.unity.ugui@b95364aab964/Runtime/TMP/TMP_FontAsset.cs:757)
UnityEditor.AssetDatabase:LoadAssetAtPath (string,System.Type)
UnityEditor.AssetDatabase:LoadAssetAtPath<TMPro.TMP_FontAsset> (string) (at /Users/bokken/build/output/unity/unity/Modules/AssetDatabase/Editor/ScriptBindings/AssetDatabase.bindings.cs:383)
TMPro.EditorEventCallbacks/<>c:<InitializeFontAssetResourceChangeCallBacks>b__0_0 () (at ./Library/PackageCache/com.unity.ugui@b95364aab964/Editor/TMP/TMP_EditorResourceManager.cs:32)
UnityEditor.EditorApplication:Internal_EditorApplicationQuit () (at /Users/bokken/build/output/unity/unity/Editor/Mono/EditorApplication.cs:128)
UnityEditor.TestTools.TestRunner.CommandLineTest.Executer:ExitApplication (UnityEditor.TestTools.TestRunner.CommandLineTest.Executer/ReturnCodes,string) (at ./Library/PackageCache/com.unity.test-framework@bd7f943e9647/UnityEditor.TestRunner/CommandLineTest/Executer.cs:83)
UnityEditor.TestTools.TestRunner.CommandLineTest.Executer:ExitIfRunIsCompleted () (at ./Library/PackageCache/com.unity.test-framework@bd7f943e9647/UnityEditor.TestRunner/CommandLineTest/Executer.cs:74)
UnityEditor.EditorApplication:Internal_CallUpdateFunctions () (at /Users/bokken/build/output/unity/unity/Editor/Mono/EditorApplication.cs:392)

(Filename: ./Library/PackageCache/com.unity.ugui@b95364aab964/Runtime/TMP/TMP_FontAsset.cs Line: 819)

Killing ADB server in 0.200222 seconds.
The command could not be loaded, possibly because:
  * You intended to execute a .NET application:
      The application 'build-server' does not exist.
  * You intended to execute a .NET SDK command:
      No .NET SDKs were found.

Download a .NET SDK:
https://aka.ms/dotnet-download

Learn about SDK resolution:
https://aka.ms/dotnet/sdk-not-found
Start importing Assets/_Project/XR/Settings/OpenXRPackageSettings.asset using Guid(01d33a87f0f5f49c8ac47950efbf5ffb) (NativeFormatImporter) -> (artifact id: '256f2daead15732f07c8e362074e0936') in 0.013981905 seconds
Refreshing native plugins compatible for Editor in 18.88 ms, found 12 plugins.
Preloading 0 native plugins for Editor in 0.00 ms.
Asset Pipeline Refresh (id=72d52233e7f1f4022bd6bd81e17bcc04): Total: 0.128 seconds - Initiated by StopAssetImportingV2(NoUpdateAssetOptions)
Input System module state changed to: ShutdownInProgress.
Input System polling thread exited.
Input System module state changed to: Shutdown.
Call to StopSubsystems without an initialized manager.Please make sure wait for initialization to complete before calling this API.
UnityEngine.Debug:ExtractStackTraceNoAlloc (byte*,int,string)
UnityEngine.StackTraceUtility:ExtractStackTrace () (at /Users/bokken/build/output/unity/unity/Runtime/Export/Scripting/StackTrace.cs:35)
UnityEngine.DebugLogHandler:Internal_Log (UnityEngine.LogType,UnityEngine.LogOption,string,UnityEngine.Object)
UnityEngine.DebugLogHandler:LogFormat (UnityEngine.LogType,UnityEngine.Object,string,object[])
UnityEngine.Logger:Log (UnityEngine.LogType,object)
UnityEngine.Debug:LogWarning (object)
UnityEngine.XR.Management.XRManagerSettings:StopSubsystems () (at ./Library/PackageCache/com.unity.xr.management@e3a3882b360a/Runtime/XRManagerSettings.cs:423)
UnityEngine.XR.Management.XRManagerSettings:OnDisable () (at ./Library/PackageCache/com.unity.xr.management@e3a3882b360a/Runtime/XRManagerSettings.cs:477)
UnityEditor.TestTools.TestRunner.CommandLineTest.Executer:ExitApplication (UnityEditor.TestTools.TestRunner.CommandLineTest.Executer/ReturnCodes,string) (at ./Library/PackageCache/com.unity.test-framework@bd7f943e9647/UnityEditor.TestRunner/CommandLineTest/Executer.cs:83)
UnityEditor.TestTools.TestRunner.CommandLineTest.Executer:ExitIfRunIsCompleted () (at ./Library/PackageCache/com.unity.test-framework@bd7f943e9647/UnityEditor.TestRunner/CommandLineTest/Executer.cs:74)
UnityEditor.EditorApplication:Internal_CallUpdateFunctions () (at /Users/bokken/build/output/unity/unity/Editor/Mono/EditorApplication.cs:392)

(Filename: ./Library/PackageCache/com.unity.xr.management@e3a3882b360a/Runtime/XRManagerSettings.cs Line: 423)

[Physics::Module] Cleanup current backend.
[Physics::Module] Id: 0xf2b8ea05
[Licensing::IpcConnector] LicenseClient-xinyu-notifications channel disconnected successfully.
[Licensing::IpcConnector] LicenseClient-xinyu channel disconnected successfully.
AcceleratorClientConnectionCallback - disconnected - :0
[40m[32minfo[39m[22m[49m: Microsoft.Hosting.Lifetime[0]
      Application is shutting down...
Cleanup mono
[40m[32minfo[39m[22m[49m: Unity.ILPP.Runner.PostProcessingAssemblyLoadContext[0]
      ALC ILPP context 1 is unloading
debugger-agent: Unable to listen on 43
